index,query,function
0ABOVW,현재 공기질 모니터링 어떤지 알려줘,"<function_IO>(timeframe=0, location=0)"
0ABOVW,지금 공기질 모니터링 상태 확인하게 해주세요,"<function_IO>(timeframe=0, location=0)"
0ABOVW,공기질 모니터링 상황 좀 보여줄래,"<function_IO>(timeframe=0, location=0)"
0ABOVW,공기질 모니터링 확인 필요해,"<function_IO>(timeframe=0, location=0)"
0ABOVW,실내 공기질 모니터링 창을 열어줘,"<function_IO>(timeframe=0, location=0)"
0ABOVW,공기질 모니터링 기능 켜줘,"<function_IO>(timeframe=0, location=0)"
0ABOVW,오늘 공기 모니터링,"<function_IO>(timeframe=0, location=0)"
0ABOVW,오늘 여기에 공기가 나쁠까,"<function_IO>(timeframe=0, location=0)"
0ABOVW,실시간 공기질 모니터링 띄워줄래,"<function_IO>(timeframe=0, location=0)"
0ABOVW,각 방마다 공기 상태가 어떤지 나한테 보여줄 수 있어,"<function_IO>(timeframe=0, location=0)"
0ABOVW,실시간 공기질 모니터링 보여주세요,"<function_IO>(timeframe=0, location=0)"
0ABOVW,공간마다 공기 모니터링 확인이 필요해,"<function_IO>(timeframe=0, location=0)"
0ABOVW,방별 공기 모니터링 확인 화면으로 바꿔주세요,"<function_IO>(timeframe=0, location=0)"
0ABOVW,실시간 공기질 모니터링 화면 보여줘,"<function_IO>(timeframe=0, location=0)"
0ABOVW,공기질 모니터링 어때,"<function_IO>(timeframe=0, location=0)"
0ABOVW,공기 모니터링 화면 보여줄래,"<function_IO>(timeframe=0, location=0)"
0ABOVW,저쪽 공기 상태는 어때,"<function_IO>(timeframe=0, location=0)"
0ABOVW,지금 공기질 모니터링 상태 알려주실래요,"<function_IO>(timeframe=0, location=0)"
0ABOVW,실시간 공기질 모니터링 상황을 보고 싶어,"<function_IO>(timeframe=0, location=0)"
0ABOVW,오늘 공기 모니터링 화면 띄워줘,"<function_IO>(timeframe=0, location=0)"
0ABOVW,실시간 공기질 모니터링 어때,"<function_IO>(timeframe=0, location=0)"
0ABOVW,지금 공기질 모니터링 확인 필요해,"<function_IO>(timeframe=0, location=0)"
0ABOVW,오늘 공기질 상태 화면 보여줘,"<function_IO>(timeframe=0, location=0)"
0ABOVW,현재 공기질 모니터링 상태 알려주겠어,"<function_IO>(timeframe=0, location=0)"
0ABOVW,지금 공기질 모니터링 상황 알고 싶어,"<function_IO>(timeframe=0, location=0)"
0ABOVW,구역별 공기 상태 모니터링 하게 도와줄래,"<function_IO>(timeframe=0, location=0)"
0ABOVW,구역별 공기질 모니터링 상황 보여줘,"<function_IO>(timeframe=0, location=0)"
0ABOVW,공기질 모니터링 화면 보여줄래,"<function_IO>(timeframe=0, location=0)"
0ABOVW,공간별 미세먼지 어때,"<function_IO>(timeframe=0, location=0)"
0ABOVW,공간별 공기질 모니터링 수치 확인해줘,"<function_IO>(timeframe=0, location=0)"
0ABOVW,공기 모니터링 화면 띄워주세요,"<function_IO>(timeframe=0, location=0)"
0ABOVW,오늘 공기질 모니터링 어떤지 알려줘,"<function_IO>(timeframe=0, location=0)"
0ABOVW,현재 공기질 모니터링 결과 띄워봐,"<function_IO>(timeframe=0, location=0)"
0ABOVW,오늘 마스크 써야 할 정도로 공기 안 좋을까,"<function_IO>(timeframe=0, location=0)"
0ABOVW,현재 이 곳의 피엠텐 농도는 얼마야,"<function_IO>(timeframe=0, location=0)"
0ABOVW,현재 공기질 모니터링 기능 보여줘요,"<function_IO>(timeframe=0, location=0)"
0ABOVW,여기 공기질 모니터링 상태를 화면에 나타내줘,"<function_IO>(timeframe=0, location=0)"
0ABOVW,구역마다 공기질 모니터링 대시보드 띄워주세요,"<function_IO>(timeframe=0, location=0)"
0ABOVW,방마다 공기질 모니터링 화면으로 전환해줘요,"<function_IO>(timeframe=0, location=0)"
0ABOVW,오늘 공기질 모니터링 상태 알려주실래요,"<function_IO>(timeframe=0, location=0)"
0ABOVW,오늘 공기질 모니터링 확인하게 해줘,"<function_IO>(timeframe=0, location=0)"
0ABOVW,공간별 공기 모니터링 상태 화면 보여줄래,"<function_IO>(timeframe=0, location=0)"
0ABOVW,지금 공기질 모니터링 어떤지 알려줘요,"<function_IO>(timeframe=0, location=0)"
0ABOVW,공기질 모니터링 화면으로 바꿔줘,"<function_IO>(timeframe=0, location=0)"
0ABOVW,공기질 모니터링 어떤지 알려줘,"<function_IO>(timeframe=0, location=0)"
0ABOVW,현재 공기질 모니터링 상황은 어때,"<function_IO>(timeframe=0, location=0)"
0ABOVW,오늘 공기질 모니터링 화면 보여줄래,"<function_IO>(timeframe=0, location=0)"
0ABOVW,공기질 모니터링 상태 알려주겠어,"<function_IO>(timeframe=0, location=0)"
0ABOVW,나서 현재 공기질 모니터링 상황은 어때,"<function_IO>(timeframe=0, location=0)"
0ABOVW,공기질 모니터링 상황은 어때,"<function_IO>(timeframe=0, location=0)"
0ABOVW,장소마다 공기 상태 모니터링 상황 보여줄 수 있어,"<function_IO>(timeframe=0, location=0)"
0ABOVW,현 시점 광진구 대기 상태 알려줘,"<function_IO>(timeframe=0, location=광진구)"
0ABOVW,지금 그라츠 공기질 지수를 화면에 보여줘,"<function_IO>(timeframe=0, location=그라츠)"
0ABOVW,지금 나이로비 공기질 나쁘게 느껴져,"<function_IO>(timeframe=0, location=나이로비)"
0ABOVW,현재 나폴리 대기질 지수는 몇이에요,"<function_IO>(timeframe=0, location=나폴리)"
0ABOVW,노량진에 오늘 대기오염 심해,"<function_IO>(timeframe=0, location=노량진)"
0ABOVW,지금 노원구 공기질 좀 알려줄래,"<function_IO>(timeframe=0, location=노원구)"
0ABOVW,현재 뉴델리 초미세먼지 농도 몇이야,"<function_IO>(timeframe=0, location=뉴델리)"
0ABOVW,오늘 도쿄에서 마스크 써야 할 정도로 공기가 안 좋아,"<function_IO>(timeframe=0, location=도쿄)"
0ABOVW,오늘 두바이 미세먼지 상황 안내해줘,"<function_IO>(timeframe=0, location=두바이)"
0ABOVW,마라케시 질소산화물 수준이 어떻게 되나요,"<function_IO>(timeframe=0, location=마라케시)"
0ABOVW,현재 맨해튼 미세먼지 수치를 화면에 보여줘,"<function_IO>(timeframe=0, location=맨해튼)"
0ABOVW,오늘 멕시코시티 공기질 상태에 맞춰 창문 열어도 될까,"<function_IO>(timeframe=0, location=멕시코시티)"
0ABOVW,오늘 모스크바에서 창문 닫아야 할까,"<function_IO>(timeframe=0, location=모스크바)"
0ABOVW,몬테비데오 포름알데히드 수준이 어떤지 알려줘,"<function_IO>(timeframe=0, location=몬테비데오)"
0ABOVW,오늘 무주 공기질 상태를 보여줘,"<function_IO>(timeframe=0, location=무주)"
0ABOVW,뭄바이 대기 상태 어떤지 말해줘요,"<function_IO>(timeframe=0, location=뭄바이)"
0ABOVW,현재 방콕 공기질 알려주세요,"<function_IO>(timeframe=0, location=방콕)"
0ABOVW,지금 베이징 공기는 어때,"<function_IO>(timeframe=0, location=베이징)"
0ABOVW,브리지타운 대기질 지수가 몇인지 알려줘,"<function_IO>(timeframe=0, location=브리지타운)"
0ABOVW,상주 공기질 나빠,"<function_IO>(timeframe=0, location=상주)"
0ABOVW,서울 지금 공기 상태 화면,"<function_IO>(timeframe=0, location=서울)"
0ABOVW,오늘 센프란시스코 미세먼지 농도는 얼마야,"<function_IO>(timeframe=0, location=센프란시스코)"
0ABOVW,스톡홀름 마스크 쓸 필요 있을 정도야,"<function_IO>(timeframe=0, location=스톡홀름)"
0ABOVW,오늘 싱가포르 공기질 알려주세요,"<function_IO>(timeframe=0, location=싱가포르)"
0ABOVW,지금 오사카에서 공기질이 나쁘다는 얘기 있나요,"<function_IO>(timeframe=0, location=오사카)"
0ABOVW,지금 옥수동 공기질 상태 괜찮은가,"<function_IO>(timeframe=0, location=옥수동)"
0ABOVW,지금 이스탄불 대기오염 상태 말해줘,"<function_IO>(timeframe=0, location=이스탄불)"
0ABOVW,제주 공기질 상태 알려줘,"<function_IO>(timeframe=0, location=제주)"
0ABOVW,오늘 천호동 공기질 때문에 실내가 나을까,"<function_IO>(timeframe=0, location=천호동)"
0ABOVW,당장 카르타헤나 초미세먼지 농도를 보여줘,"<function_IO>(timeframe=0, location=카르타헤나)"
0ABOVW,현재 카이로 공기 나쁘니,"<function_IO>(timeframe=0, location=카이로)"
0ABOVW,퀴토 미세먼지 어떠니,"<function_IO>(timeframe=0, location=퀴토)"
0ABOVW,타슈켄트 공기질 상태 어때요,"<function_IO>(timeframe=0, location=타슈켄트)"
0ABOVW,지금 파리 초미세먼지 농도는 몇이야,"<function_IO>(timeframe=0, location=파리)"
0ABOVW,오늘 판교 공기 어때,"<function_IO>(timeframe=0, location=판교)"
0ABOVW,현재 해운대 공기질 상황 어때,"<function_IO>(timeframe=0, location=해운대)"
0ABOVW,지금 홍콩 피엠이쩜오 때문에 외출하기 괜찮아,"<function_IO>(timeframe=0, location=홍콩)"
0ABOVW,강릉 대기질 지수가 몇인지 알려줘,"<function_IO>(timeframe=0, location=강릉)"
0ABOVW,오늘 부산 공기 어때,"<function_IO>(timeframe=0, location=부산)"
0ABOVW,샌프란시스코 대기질 지수가 몇인지 알려줘,"<function_IO>(timeframe=0, location=샌프란시스코)"
0ABOVW,샌프란시스코 대기질 지수가 몇인지,"<function_IO>(timeframe=0, location=샌프란시스코)"
0ABOVW,청주 공기질 상태를 보여줘,"<function_IO>(timeframe=0, location=청주)"
0ABOVW,현재 판교 공기질 알려주세요,"<function_IO>(timeframe=0, location=판교)"
0ABOVW,판교 공기질 상태를 보여줘,"<function_IO>(timeframe=0, location=판교)"
0ABOVW,나서 현재 하노이 공기질 알려주세요,"<function_IO>(timeframe=0, location=하노이)"
0ABOVW,내일 여기 공기 상태 알려줘,"<function_IO>(timeframe=1, location=0)"
0ABOVW,이 동네의 내일 공기질 예보를 보여줘,"<function_IO>(timeframe=1, location=0)"
0ABOVW,내일 여기에 공기가 나쁠까,"<function_IO>(timeframe=1, location=0)"
0ABOVW,내일 기기 근처 공기 상태는 어때,"<function_IO>(timeframe=1, location=0)"
0ABOVW,내일 공기질 상태 알려줘,"<function_IO>(timeframe=1, location=0)"
0ABOVW,내일 기기 주변 공기 상태는 어때,"<function_IO>(timeframe=1, location=0)"
0ABOVW,내일 미세먼지 농도 어때,"<function_IO>(timeframe=1, location=0)"
0ABOVW,내일 이 곳의 미세먼지 농도는 얼마야,"<function_IO>(timeframe=1, location=0)"
0ABOVW,내일의 오염 예보를 화면에 보여주세요,"<function_IO>(timeframe=1, location=0)"
0ABOVW,이 지역의 내일 저녁 공기질 예측을 보여줘,"<function_IO>(timeframe=1, location=0)"
0ABOVW,내일 강릉 미세먼지 어때,"<function_IO>(timeframe=1, location=강릉)"
0ABOVW,강서구에 내일 극초미세먼지 많아,"<function_IO>(timeframe=1, location=강서구)"
0ABOVW,내일 런던 공기 나쁘고 질소산화물 많을까,"<function_IO>(timeframe=1, location=런던)"
0ABOVW,내일 리마 미세먼지 때문에 마스크 필요할까,"<function_IO>(timeframe=1, location=리마)"
0ABOVW,마닐라 내일 미세먼지 어때,"<function_IO>(timeframe=1, location=마닐라)"
0ABOVW,내일 몬트리올 공기질 괜찮아,"<function_IO>(timeframe=1, location=몬트리올)"
0ABOVW,내일 바그다드의 공기질이 괜찮을지 보여줘,"<function_IO>(timeframe=1, location=바그다드)"
0ABOVW,내일 부산 초미세먼지 상태 알려줘,"<function_IO>(timeframe=1, location=부산)"
0ABOVW,내일 빈 초미세먼지 농도 어때,"<function_IO>(timeframe=1, location=빈)"
0ABOVW,내일 송도 공기질 상태 괜찮아,"<function_IO>(timeframe=1, location=송도)"
0ABOVW,내일 시드니 포름알데히드 농도 높아,"<function_IO>(timeframe=1, location=시드니)"
0ABOVW,내일 시에나 공기질 나쁜가,"<function_IO>(timeframe=1, location=시에나)"
0ABOVW,내일 아부다비 포름알데히드 농도 높아,"<function_IO>(timeframe=1, location=아부다비)"
0ABOVW,내일 아스타나의 공기질 상황을 보여줘,"<function_IO>(timeframe=1, location=아스타나)"
0ABOVW,내일 앙카라의 초미세먼지 수치를 보여줘,"<function_IO>(timeframe=1, location=앙카라)"
0ABOVW,내일 용산구 공기질 상태 확인했어,"<function_IO>(timeframe=1, location=용산구)"
0ABOVW,내일 은평구의 공기질 예보를 보여줘,"<function_IO>(timeframe=1, location=은평구)"
0ABOVW,내일 인천 공기질 안 좋아,"<function_IO>(timeframe=1, location=인천)"
0ABOVW,내일 전주 공기질 알려줘,"<function_IO>(timeframe=1, location=전주)"
0ABOVW,내일 제주시 이산화탄소 상태 알려줘,"<function_IO>(timeframe=1, location=제주시)"
0ABOVW,내일 치앙마이 초미세먼지 상황 어때,"<function_IO>(timeframe=1, location=치앙마이)"
0ABOVW,내일 카사블랑카 대기 상태 나쁘니,"<function_IO>(timeframe=1, location=카사블랑카)"
0ABOVW,내일 카트만두 초미세먼지 몇이야,"<function_IO>(timeframe=1, location=카트만두)"
0ABOVW,내일 케이프타운 이산화탄소 농도 높아,"<function_IO>(timeframe=1, location=케이프타운)"
0ABOVW,내일 후쿠오카 대기오염 괜찮아,"<function_IO>(timeframe=1, location=후쿠오카)"
0ABOVW,내일 뉴욕 미세먼지 어때,"<function_IO>(timeframe=1, location=뉴욕)"
0ABOVW,내일 도쿄의 공기질 예보를 보여줘,"<function_IO>(timeframe=1, location=도쿄)"
0ABOVW,내일 런던 미세먼지 어때,"<function_IO>(timeframe=1, location=런던)"
0ABOVW,내일 베이징의 공기질 예보를 보여줘,"<function_IO>(timeframe=1, location=베이징)"
0ABOVW,내일 서울 초미세먼지 알려줘,"<function_IO>(timeframe=1, location=서울)"
0ABOVW,내일 시드니의 공기질 예보를 보여줘,"<function_IO>(timeframe=1, location=시드니)"
0ABOVW,내일 제주시 TVOC 농도는 얼마야,"<function_IO>(timeframe=1, location=제주시)"
0ABOVW,주말 공기질 지수를 화면에 보여줘,"<function_IO>(timeframe=2, location=0)"
0ABOVW,주말 마스크 써야 할 정도로 공기 안 좋을까,"<function_IO>(timeframe=2, location=0)"
0ABOVW,주말 미세먼지 농도 어때,"<function_IO>(timeframe=2, location=0)"
0ABOVW,주말 공기질 상태 알려죠,"<function_IO>(timeframe=2, location=0)"
0ABOVW,주말 기기 주변 공기 상태는 어때,"<function_IO>(timeframe=2, location=0)"
0ABOVW,주말 여기에 공기가 나쁠까,"<function_IO>(timeframe=2, location=0)"
0ABOVW,주말 기기 근처 공기 상태는 어때,"<function_IO>(timeframe=2, location=0)"
0ABOVW,주말 여기 공기 질이 좋은 편이야,"<function_IO>(timeframe=2, location=0)"
0ABOVW,주말 나이로비 미세먼지 어때,"<function_IO>(timeframe=2, location=나이로비)"
0ABOVW,주말 로마 공기질 걱정해야 할까,"<function_IO>(timeframe=2, location=로마)"
0ABOVW,주말 모스크바의 공기질 예보를 보여줘,"<function_IO>(timeframe=2, location=모스크바)"
0ABOVW,주말 몬트리올의 공기질 예보를 보여줘,"<function_IO>(timeframe=2, location=몬트리올)"
0ABOVW,주말 베이징 미세먼지 어때,"<function_IO>(timeframe=2, location=베이징)"
0ABOVW,주말 빈 미세먼지 어때,"<function_IO>(timeframe=2, location=빈)"
0ABOVW,주말 카이로 공기질 알려줄래,"<function_IO>(timeframe=2, location=카이로)"
0ABOVW,주말 파리의 공기질 예보를 보여줘,"<function_IO>(timeframe=2, location=파리)"
0ABOVW,월요일 공기질 상태 알려줘,"<function_IO>(timeframe=3, location=0)"
0ABOVW,월요일 기기 근처 공기 상태는 어때,"<function_IO>(timeframe=3, location=0)"
0ABOVW,월요일 공기질 예보를 화면에 보여줘,"<function_IO>(timeframe=3, location=0)"
0ABOVW,나서 월요일 미세먼지 농도 어때,"<function_IO>(timeframe=3, location=0)"
0ABOVW,월요일 여기에 공기가 나쁠까,"<function_IO>(timeframe=3, location=0)"
0ABOVW,월요일 나이로비 대기질을 화면에 보여줘,"<function_IO>(timeframe=3, location=나이로비)"
0ABOVW,월요일 멕시코시티 공기질 나쁠까,"<function_IO>(timeframe=3, location=멕시코시티)"
0ABOVW,월요일 모스크바 미세먼지 어때,"<function_IO>(timeframe=3, location=모스크바)"
0ABOVW,월요일 방콕 미세먼지 어때,"<function_IO>(timeframe=3, location=방콕)"
0ABOVW,월요일 베를린 공기질 때문에 마스크 필요할까,"<function_IO>(timeframe=3, location=베를린)"
0ABOVW,월요일 자카르타 대기질을 화면에 보여줘,"<function_IO>(timeframe=3, location=자카르타)"
0ABOVW,월요일 케이프타운 미세먼지 어때,"<function_IO>(timeframe=3, location=케이프타운)"
0ABOVW,월요일 홍콩 공기질 때문에 마스크 필요할까,"<function_IO>(timeframe=3, location=홍콩)"
0ABOVW,화요일 미세먼지 농도 어때,"<function_IO>(timeframe=4, location=0)"
0ABOVW,화요일 여기에 공기가 나쁠까,"<function_IO>(timeframe=4, location=0)"
0ABOVW,나서 화요일 공기질 상태 알려줘,"<function_IO>(timeframe=4, location=0)"
0ABOVW,화요일 대기질 정보를 화면에 보여줄래,"<function_IO>(timeframe=4, location=0)"
0ABOVW,화요일 기기 근처 공기 상태는 어때,"<function_IO>(timeframe=4, location=0)"
0ABOVW,화요일 뉴델리 대기질을 화면에 보여줘,"<function_IO>(timeframe=4, location=뉴델리)"
0ABOVW,화요일 두바이 공기질 걱정해야 할까,"<function_IO>(timeframe=4, location=두바이)"
0ABOVW,화요일 리마 미세먼지 어때,"<function_IO>(timeframe=4, location=리마)"
0ABOVW,화요일 싱가포르 미세먼지 어때,"<function_IO>(timeframe=4, location=싱가포르)"
0ABOVW,화요일 이스탄불 공기질 때문에 마스크 써야 할까,"<function_IO>(timeframe=4, location=이스탄불)"
0ABOVW,화요일 자카르타 공기질 때문에 마스크 써야 할까,"<function_IO>(timeframe=4, location=자카르타)"
0ABOVW,화요일 쿠알라룸푸르 공기질 걱정해야 할까,"<function_IO>(timeframe=4, location=쿠알라룸푸르)"
0ABOVW,화요일 홍콩 공기질 때문에 마스크 써야 할까,"<function_IO>(timeframe=4, location=홍콩)"
0ABOVW,수요일 여기에 공기가 나쁠까,"<function_IO>(timeframe=5, location=0)"
0ABOVW,수요일 기기 근처 공기 상태는 어때,"<function_IO>(timeframe=5, location=0)"
0ABOVW,수요일 공기질 상태 알려줘,"<function_IO>(timeframe=5, location=0)"
0ABOVW,수요일 미세먼지 정보 보여줘,"<function_IO>(timeframe=5, location=0)"
0ABOVW,수요일 미세먼지 농도 어때,"<function_IO>(timeframe=5, location=0)"
0ABOVW,수요일 강남 미세먼지 어때,"<function_IO>(timeframe=5, location=강남)"
0ABOVW,수요일 나폴리 공기질 때문에 마스크 써야 할까,"<function_IO>(timeframe=5, location=나폴리)"
0ABOVW,수요일 노원구 대기질을 화면에 보여줘,"<function_IO>(timeframe=5, location=노원구)"
0ABOVW,수요일 두바이 TVOC 농도는 얼마야,"<function_IO>(timeframe=5, location=두바이)"
0ABOVW,수요일 방콕 공기질 걱정해야 할까,"<function_IO>(timeframe=5, location=방콕)"
0ABOVW,나서 수요일 아부다비 공기질 걱정해야 할까,"<function_IO>(timeframe=5, location=아부다비)"
0ABOVW,수요일 오사카 공기질 걱정해야 할까,"<function_IO>(timeframe=5, location=오사카)"
0ABOVW,수요일 이스탄불 미세먼지 어때,"<function_IO>(timeframe=5, location=이스탄불)"
0ABOVW,수요일 치앙마이 대기질을 화면에 보여줘,"<function_IO>(timeframe=5, location=치앙마이)"
0ABOVW,수요일 카사블랑카 공기질 걱정해야 할까,"<function_IO>(timeframe=5, location=카사블랑카)"
0ABOVW,목요일 여기에 공기가 나쁠까,"<function_IO>(timeframe=6, location=0)"
0ABOVW,목요일 기기 근처 공기 상태는 어때,"<function_IO>(timeframe=6, location=0)"
0ABOVW,목요일 공기질 상태 알려줘,"<function_IO>(timeframe=6, location=0)"
0ABOVW,목요일 미세먼지 정보 보여줘,"<function_IO>(timeframe=6, location=0)"
0ABOVW,목요일 광진구 공기질 걱정해야 할까,"<function_IO>(timeframe=6, location=광진구)"
0ABOVW,목요일 노량진 공기질 때문에 마스크 써야 할까,"<function_IO>(timeframe=6, location=노량진)"
0ABOVW,목요일 뉴델리 TVOC 농도는 얼마야,"<function_IO>(timeframe=6, location=뉴델리)"
0ABOVW,목요일 마닐라 미세먼지 어때,"<function_IO>(timeframe=6, location=마닐라)"
0ABOVW,나서 목요일 싱가포르 공기질 걱정해야 할까,"<function_IO>(timeframe=6, location=싱가포르)"
0ABOVW,목요일 옥수동 미세먼지 어때,"<function_IO>(timeframe=6, location=옥수동)"
0ABOVW,목요일 카트만두 TVOC 농도는 얼마야,"<function_IO>(timeframe=6, location=카트만두)"
0ABOVW,목요일 후쿠오카 공기질 걱정해야 할까,"<function_IO>(timeframe=6, location=후쿠오카)"
0ABOVW,금요일 공기질 상태 알려줘,"<function_IO>(timeframe=7, location=0)"
0ABOVW,나서 금요일 미세먼지 농도 어때,"<function_IO>(timeframe=7, location=0)"
0ABOVW,금요일 미세먼지 농도 어때,"<function_IO>(timeframe=7, location=0)"
0ABOVW,금요일 미세먼지 정보 보여줘,"<function_IO>(timeframe=7, location=0)"
0ABOVW,금요일 강남 대기질을 화면에 보여줘,"<function_IO>(timeframe=7, location=강남)"
0ABOVW,금요일 강릉 대기질을 화면에 보여줘,"<function_IO>(timeframe=7, location=강릉)"
0ABOVW,금요일 나폴리 공기질 걱정해야 할까,"<function_IO>(timeframe=7, location=나폴리)"
0ABOVW,금요일 수원 공기질 걱정해야 할까,"<function_IO>(timeframe=7, location=수원)"
0ABOVW,금요일 시에나 대기질을 화면에 보여줘,"<function_IO>(timeframe=7, location=시에나)"
0ABOVW,금요일 인천 대기질을 화면에 보여줘,"<function_IO>(timeframe=7, location=인천)"
0ABOVW,금요일 해남 공기질 때문에 마스크 써야 할까,"<function_IO>(timeframe=7, location=해남)"
0ABOVW,토요일 여기에 공기가 나쁠까,"<function_IO>(timeframe=8, location=0)"
0ABOVW,토요일 기기 근처 공기 상태는 어때,"<function_IO>(timeframe=8, location=0)"
0ABOVW,토요일 미세먼지 농도 어때,"<function_IO>(timeframe=8, location=0)"
0ABOVW,토요일 강서구 대기질을 화면에 보여줘,"<function_IO>(timeframe=8, location=강서구)"
0ABOVW,토요일 광진구 대기질을 화면에 보여줘,"<function_IO>(timeframe=8, location=광진구)"
0ABOVW,토요일 노량진 TVOC 농도는 얼마야,"<function_IO>(timeframe=8, location=노량진)"
0ABOVW,토요일 대구 미세먼지 어때,"<function_IO>(timeframe=8, location=대구)"
0ABOVW,토요일 시드니,"<function_IO>(timeframe=8, location=시드니)"
0ABOVW,토요일 용산구 공기질 걱정해야 할까,"<function_IO>(timeframe=8, location=용산구)"
0ABOVW,토요일 천호동 미세먼지 어때,"<function_IO>(timeframe=8, location=천호동)"
0ABOVW,토요일 하노이 공기질 걱정해야 할까,"<function_IO>(timeframe=8, location=하노이)"
0ABOVW,일요일 미세먼지 정보 보여줘,"<function_IO>(timeframe=9, location=0)"
0ABOVW,일요일 미세먼지 농도 어때,"<function_IO>(timeframe=9, location=0)"
0ABOVW,일요일 공기질 상태 알려줘,"<function_IO>(timeframe=9, location=0)"
0ABOVW,일요일 여기에 공기가 나쁠까,"<function_IO>(timeframe=9, location=0)"
0ABOVW,일요일 기기 근처 공기 상태는 어때,"<function_IO>(timeframe=9, location=0)"
0ABOVW,일요일 군산 대기질을 화면에 보여줘,"<function_IO>(timeframe=9, location=군산)"
0ABOVW,일요일 빈 대기질을 화면에 보여줘,"<function_IO>(timeframe=9, location=빈)"
0ABOVW,일요일 송도 공기질 걱정해야 할까,"<function_IO>(timeframe=9, location=송도)"
0ABOVW,일요일 옥수동 공기질 걱정해야 할까,"<function_IO>(timeframe=9, location=옥수동)"
0ABOVW,일요일 전주 미세먼지 어때,"<function_IO>(timeframe=9, location=전주)"
0ABOVW,일요일 프라하 공기질 때문에 마스크 써야 할까,"<function_IO>(timeframe=9, location=프라하)"
0ABOVW,일요일 해남 공기질 때문에 마스크 써야 할까,"<function_IO>(timeframe=9, location=해남)"
0ABOVW,일요일 해운대 대기질을 화면에 보여줘,"<function_IO>(timeframe=9, location=해운대)"
0ABOVW,날씨 몇 도야,"<function_MO>(timeframe=0, location=0)"
0ABOVW,현재 날씨 정보 표시해줄래,"<function_MO>(timeframe=0, location=0)"
0ABOVW,지금 날씨 더운지,"<function_MO>(timeframe=0, location=0)"
0ABOVW,나서 오늘 날씨 어때,"<function_MO>(timeframe=0, location=0)"
0ABOVW,강릉의 날씨 정보 표시해줄래,"<function_MO>(timeframe=0, location=강릉)"
0ABOVW,뉴욕 날씨 알려줘,"<function_MO>(timeframe=0, location=뉴욕)"
0ABOVW,현재 부산 날씨 알려주세요,"<function_MO>(timeframe=0, location=부산)"
0ABOVW,오늘 샌프란시스코 날씨 몇 도야,"<function_MO>(timeframe=0, location=샌프란시스코)"
0ABOVW,샌프란시스코의 날씨 정보 표시해줄래,"<function_MO>(timeframe=0, location=샌프란시스코)"
0ABOVW,청주 날씨 알려줘,"<function_MO>(timeframe=0, location=청주)"
0ABOVW,현재 청주 날씨 알려주세요,"<function_MO>(timeframe=0, location=청주)"
0ABOVW,지금 판교 날씨 비 와,"<function_MO>(timeframe=0, location=판교)"
0ABOVW,현재 하노이 날씨 알려주세요,"<function_MO>(timeframe=0, location=하노이)"
0ABOVW,내일 날씨 추울까,"<function_MO>(timeframe=1, location=0)"
0ABOVW,내일 날씨 전망을 표시해줄 수 있어,"<function_MO>(timeframe=1, location=0)"
0ABOVW,내일 날씨 몇 도야,"<function_MO>(timeframe=1, location=0)"
0ABOVW,내일 날씨 알려줘,"<function_MO>(timeframe=1, location=0)"
0ABOVW,강서구 내일 날씨 눈 올까,"<function_MO>(timeframe=1, location=강서구)"
0ABOVW,내일 군산 날씨 좀 알려주세요,"<function_MO>(timeframe=1, location=군산)"
0ABOVW,내일 대구 날씨 따뜻하게 입어야 할까,"<function_MO>(timeframe=1, location=대구)"
0ABOVW,내일 리마 날씨 어때,"<function_MO>(timeframe=1, location=리마)"
0ABOVW,내일 리우데자네이루 날씨에 눈 오니,"<function_MO>(timeframe=1, location=리우데자네이루)"
0ABOVW,내일 마닐라 날씨 알려주세요,"<function_MO>(timeframe=1, location=마닐라)"
0ABOVW,내일 빈 날씨 좀 알려줘,"<function_MO>(timeframe=1, location=빈)"
0ABOVW,내일 상하이 날씨 두껍게 입어야 해,"<function_MO>(timeframe=1, location=상하이)"
0ABOVW,내일 송도 날씨 상황 어때,"<function_MO>(timeframe=1, location=송도)"
0ABOVW,내일 아부다비 날씨 안내해줘,"<function_MO>(timeframe=1, location=아부다비)"
0ABOVW,내일 용산구 날씨 알려죠,"<function_MO>(timeframe=1, location=용산구)"
0ABOVW,전주 내일 날씨 더울까,"<function_MO>(timeframe=1, location=전주)"
0ABOVW,치앙마이 내일 날씨 알려주세요,"<function_MO>(timeframe=1, location=치앙마이)"
0ABOVW,내일 카사블랑카 날씨 알려줘,"<function_MO>(timeframe=1, location=카사블랑카)"
0ABOVW,내일 카트만두 날씨 몇 도야,"<function_MO>(timeframe=1, location=카트만두)"
0ABOVW,내일 후쿠오카 날씨 비 와요,"<function_MO>(timeframe=1, location=후쿠오카)"
0ABOVW,내일 도쿄 날씨 비 와,"<function_MO>(timeframe=1, location=도쿄)"
0ABOVW,내일 런던 날씨 어때,"<function_MO>(timeframe=1, location=런던)"
0ABOVW,내일 날씨 정보 표시해줄래,"<function_MO>(timeframe=1, location=베이징)"
0ABOVW,베이징의 내일 날씨 정보 표시해줄래,"<function_MO>(timeframe=1, location=베이징)"
0ABOVW,내일 서울 날씨 어때,"<function_MO>(timeframe=1, location=서울)"
0ABOVW,나서 내일 서울 날씨 비 와,"<function_MO>(timeframe=1, location=서울)"
0ABOVW,내일 시드니 날씨 알려줘,"<function_MO>(timeframe=1, location=시드니)"
0ABOVW,내일 제주시 날씨 몇 도야,"<function_MO>(timeframe=1, location=제주시)"
0ABOVW,내일 파리 날씨 알려줘,"<function_MO>(timeframe=1, location=파리)"
0ABOVW,주말 날씨 알려줄래,"<function_MO>(timeframe=2, location=0)"
0ABOVW,주말 날씨 좀,"<function_MO>(timeframe=2, location=0)"
0ABOVW,주말 날씨 알려죠,"<function_MO>(timeframe=2, location=0)"
0ABOVW,주말 날씨 정보 표시해줄래,"<function_MO>(timeframe=2, location=0)"
0ABOVW,주말 날씨 좀 알려죠요,"<function_MO>(timeframe=2, location=0)"
0ABOVW,주말 날씨 추울까,"<function_MO>(timeframe=2, location=0)"
0ABOVW,주말 날씨 더워,"<function_MO>(timeframe=2, location=0)"
0ABOVW,주말 날씨 전망을 표시해줄 수 있어,"<function_MO>(timeframe=2, location=0)"
0ABOVW,주말 날씨 몇 도야,"<function_MO>(timeframe=2, location=0)"
0ABOVW,주말 여기 날씨 어때,"<function_MO>(timeframe=2, location=0)"
0ABOVW,주말 날씨 알려줘,"<function_MO>(timeframe=2, location=0)"
0ABOVW,주말 날씨 알려주세요,"<function_MO>(timeframe=2, location=0)"
0ABOVW,주말 날씨,"<function_MO>(timeframe=2, location=0)"
0ABOVW,거제 주말에 날씨 어떤지 알려줄래,"<function_MO>(timeframe=2, location=거제)"
0ABOVW,주말 광주 날씨 좀 알려주세요,"<function_MO>(timeframe=2, location=광주)"
0ABOVW,주말 김포 날씨 알려줘,"<function_MO>(timeframe=2, location=김포)"
0ABOVW,주말 나고야 날씨 비 와요,"<function_MO>(timeframe=2, location=나고야)"
0ABOVW,주말 나이로비 날씨 더워,"<function_MO>(timeframe=2, location=나이로비)"
0ABOVW,주말 라사 날씨 몇 도야,"<function_MO>(timeframe=2, location=라사)"
0ABOVW,주말 로잔 날씨 좀 알려줘,"<function_MO>(timeframe=2, location=로잔)"
0ABOVW,주말 루체른 날씨가 어떤가요,"<function_MO>(timeframe=2, location=루체른)"
0ABOVW,주말 리스본 날씨에 눈 오니,"<function_MO>(timeframe=2, location=리스본)"
0ABOVW,주말 마카오 날씨 몇 도야,"<function_MO>(timeframe=2, location=마카오)"
0ABOVW,주말 목포 날씨 더울까,"<function_MO>(timeframe=2, location=목포)"
0ABOVW,문경 주말 날씨 어때요,"<function_MO>(timeframe=2, location=문경)"
0ABOVW,주말 바르셀로나 날씨 몇 도일까,"<function_MO>(timeframe=2, location=바르셀로나)"
0ABOVW,주말 발리 날씨 알려주세요,"<function_MO>(timeframe=2, location=발리)"
0ABOVW,주말 베니스 날씨 많이 더울까,"<function_MO>(timeframe=2, location=베니스)"
0ABOVW,주말 보고타 날씨 어때,"<function_MO>(timeframe=2, location=보고타)"
0ABOVW,주말 서귀포 날씨 상황 어때,"<function_MO>(timeframe=2, location=서귀포)"
0ABOVW,서대문구 주말 날씨 눈 올까,"<function_MO>(timeframe=2, location=서대문구)"
0ABOVW,주말 세부 날씨 알려주세요,"<function_MO>(timeframe=2, location=세부)"
0ABOVW,세비야의 주말 날씨 전망을 표시해주세요,"<function_MO>(timeframe=2, location=세비야)"
0ABOVW,주말 날씨 보여줘,"<function_MO>(timeframe=2, location=스포케인)"
0ABOVW,스포케인 주말 날씨 보여줘,"<function_MO>(timeframe=2, location=스포케인)"
0ABOVW,주말 오타와 날씨 비 와,"<function_MO>(timeframe=2, location=오타와)"
0ABOVW,주말 요하네스버그 날씨 알려줘,"<function_MO>(timeframe=2, location=요하네스버그)"
0ABOVW,주말 울산 날씨 따뜻하게 입어야 할까,"<function_MO>(timeframe=2, location=울산)"
0ABOVW,중구 주말 날씨 알려줘,"<function_MO>(timeframe=2, location=중구)"
0ABOVW,주말 춘천 날씨 어때,"<function_MO>(timeframe=2, location=춘천)"
0ABOVW,주말 타이베이 날씨 두껍게 입어야 해,"<function_MO>(timeframe=2, location=타이베이)"
0ABOVW,주말 포항 날씨 어때,"<function_MO>(timeframe=2, location=포항)"
0ABOVW,푸켓 주말 날씨 알려줘,"<function_MO>(timeframe=2, location=푸켓)"
0ABOVW,함부르크 주말 날씨 어때요,"<function_MO>(timeframe=2, location=함부르크)"
0ABOVW,주말 호치민 날씨 어때,"<function_MO>(timeframe=2, location=호치민)"
0ABOVW,주말 나이로비 날씨 알려줘,"<function_MO>(timeframe=2, location=나이로비)"
0ABOVW,주말 로마 날씨 비 와,"<function_MO>(timeframe=2, location=로마)"
0ABOVW,모스크바의 주말 날씨 정보 표시해줄래,"<function_MO>(timeframe=2, location=모스크바)"
0ABOVW,주말 몬트리올 날씨 알려줘,"<function_MO>(timeframe=2, location=몬트리올)"
0ABOVW,나서 주말 베이징 날씨 몇 도야,"<function_MO>(timeframe=2, location=베이징)"
0ABOVW,주말 파리 날씨 알려줘,"<function_MO>(timeframe=2, location=파리)"
0ABOVW,나서 주말 프라하 날씨 어때,"<function_MO>(timeframe=2, location=프라하)"
0ABOVW,월요일 날씨 전망을 표시해줄 수 있어,"<function_MO>(timeframe=3, location=0)"
0ABOVW,월요일 날씨 몇 도야,"<function_MO>(timeframe=3, location=0)"
0ABOVW,월요일 날씨 알려줘,"<function_MO>(timeframe=3, location=0)"
0ABOVW,월요일 날씨 알려죠요,"<function_MO>(timeframe=3, location=0)"
0ABOVW,나서 월요일 날씨 전망을 표시해줄 수 있어,"<function_MO>(timeframe=3, location=0)"
0ABOVW,월요일 날씨 알려주세요,"<function_MO>(timeframe=3, location=0)"
0ABOVW,월요일 날씨 추울까,"<function_MO>(timeframe=3, location=0)"
0ABOVW,월요일 날씨 알려줘,"<function_MO>(timeframe=3, location=0)"
0ABOVW,여기 월요일에는 날씨 어때,"<function_MO>(timeframe=3, location=0)"
0ABOVW,월요일 날씨 더워,"<function_MO>(timeframe=3, location=0)"
0ABOVW,월요일 광명 날씨 알려줘,"<function_MO>(timeframe=3, location=광명)"
0ABOVW,월요일 군포 날씨 더울까,"<function_MO>(timeframe=3, location=군포)"
0ABOVW,금천구 월요일 날씨 눈 올까,"<function_MO>(timeframe=3, location=금천구)"
0ABOVW,월요일 다낭 날씨 알려주세요,"<function_MO>(timeframe=3, location=다낭)"
0ABOVW,월요일 다카 날씨 더워,"<function_MO>(timeframe=3, location=다카)"
0ABOVW,월요일 날씨 보여줘,"<function_MO>(timeframe=3, location=메델린)"
0ABOVW,메델린 월요일 날씨 보여줘,"<function_MO>(timeframe=3, location=메델린)"
0ABOVW,월요일 메카 날씨 안내해줘,"<function_MO>(timeframe=3, location=메카)"
0ABOVW,월요일 멜버른 날씨 몇 도일까,"<function_MO>(timeframe=3, location=멜버른)"
0ABOVW,월요일 목동 날씨 상황 어때,"<function_MO>(timeframe=3, location=목동)"
0ABOVW,월요일 방콕 날씨 두껍게 입어야 해,"<function_MO>(timeframe=3, location=방콕)"
0ABOVW,월요일 베른 날씨가 어떤가요,"<function_MO>(timeframe=3, location=베른)"
0ABOVW,월요일 부다페스트 날씨에 눈 오니,"<function_MO>(timeframe=3, location=부다페스트)"
0ABOVW,월요일 삿포로 날씨 비 와요,"<function_MO>(timeframe=3, location=삿포로)"
0ABOVW,월요일 싱가포르 날씨 몇 도야,"<function_MO>(timeframe=3, location=싱가포르)"
0ABOVW,안나푸르나 월요일 날씨 몇 도야,"<function_MO>(timeframe=3, location=안나푸르나)"
0ABOVW,안산 월요일 날씨 어때,"<function_MO>(timeframe=3, location=안산)"
0ABOVW,앤트워프의 월요일 날씨 전망을 표시해주세요,"<function_MO>(timeframe=3, location=앤트워프)"
0ABOVW,월요일 여수 날씨 따뜻하게 입어야 할까,"<function_MO>(timeframe=3, location=여수)"
0ABOVW,월요일 오클랜드 날씨 어때,"<function_MO>(timeframe=3, location=오클랜드)"
0ABOVW,월요일 익산 날씨 좀 알려주세요,"<function_MO>(timeframe=3, location=익산)"
0ABOVW,월요일 제네바 날씨 좀 알려죠요,"<function_MO>(timeframe=3, location=제네바)"
0ABOVW,월요일 진주 날씨 알려줘,"<function_MO>(timeframe=3, location=진주)"
0ABOVW,쿠스코 월요일 날씨 알려줘,"<function_MO>(timeframe=3, location=쿠스코)"
0ABOVW,월요일 쿠알라룸푸르 날씨 어때,"<function_MO>(timeframe=3, location=쿠알라룸푸르)"
0ABOVW,키토 월요일 날씨 어때,"<function_MO>(timeframe=3, location=키토)"
0ABOVW,월요일 평창 날씨 어때,"<function_MO>(timeframe=3, location=평창)"
0ABOVW,월요일 하얼빈 날씨 알려줘,"<function_MO>(timeframe=3, location=하얼빈)"
0ABOVW,월요일 헬싱키 날씨 비 와,"<function_MO>(timeframe=3, location=헬싱키)"
0ABOVW,월요일 날씨 어때,"<function_MO>(timeframe=3, location=홍성)"
0ABOVW,홍성 월요일 날씨 어때요,"<function_MO>(timeframe=3, location=홍성)"
0ABOVW,월요일 리우데자네이루 날씨 비 와,"<function_MO>(timeframe=3, location=리우데자네이루)"
0ABOVW,월요일 멕시코시티 날씨 비 와,"<function_MO>(timeframe=3, location=멕시코시티)"
0ABOVW,모스크바의 월요일 날씨 정보 표시해줄래,"<function_MO>(timeframe=3, location=모스크바)"
0ABOVW,월요일 날씨,"<function_MO>(timeframe=3, location=자카르타)"
0ABOVW,월요일 날씨 정보 표시해줄래,"<function_MO>(timeframe=3, location=자카르타)"
0ABOVW,자카르타의 월요일 날씨 정보 표시해줄래,"<function_MO>(timeframe=3, location=자카르타)"
0ABOVW,월요일 카이로 날씨 알려줘,"<function_MO>(timeframe=3, location=카이로)"
0ABOVW,화요일 날씨 더워,"<function_MO>(timeframe=4, location=0)"
0ABOVW,화요일 여기 날씨 어때,"<function_MO>(timeframe=4, location=0)"
0ABOVW,화요일 날씨 좀,"<function_MO>(timeframe=4, location=0)"
0ABOVW,나서 화요일 날씨 알려줘,"<function_MO>(timeframe=4, location=0)"
0ABOVW,화요일 날씨 알려줘,"<function_MO>(timeframe=4, location=0)"
0ABOVW,화요일 날씨 전망을 표시해줄 수 있어,"<function_MO>(timeframe=4, location=0)"
0ABOVW,화요일 날씨 몇 도야,"<function_MO>(timeframe=4, location=0)"
0ABOVW,화요일 날씨 추울까,"<function_MO>(timeframe=4, location=0)"
0ABOVW,화요일 날씨 알려주세요,"<function_MO>(timeframe=4, location=0)"
0ABOVW,화요일 날씨 알려줄래,"<function_MO>(timeframe=4, location=0)"
0ABOVW,화요일 날씨 많이 더워,"<function_MO>(timeframe=4, location=0)"
0ABOVW,화요일 날씨 좀 알려줘요,"<function_MO>(timeframe=4, location=0)"
0ABOVW,화요일 교토 날씨 비 와요,"<function_MO>(timeframe=4, location=교토)"
0ABOVW,화요일 구리 날씨 좀 알려주세요,"<function_MO>(timeframe=4, location=구리)"
0ABOVW,동대문구 화요일 날씨 눈 올까,"<function_MO>(timeframe=4, location=동대문구)"
0ABOVW,리우 화요일 날씨가 어떤가요,"<function_MO>(timeframe=4, location=리우)"
0ABOVW,화요일 날씨 보여줘,"<function_MO>(timeframe=4, location=마나마)"
0ABOVW,마나마 화요일 날씨 보여줘,"<function_MO>(timeframe=4, location=마나마)"
0ABOVW,화요일 마르세유 날씨 알려주세요,"<function_MO>(timeframe=4, location=마르세유)"
0ABOVW,바레인의 화요일 날씨 정보 표시해줄래,"<function_MO>(timeframe=4, location=바레인)"
0ABOVW,화요일 베이징 날씨 비 와,"<function_MO>(timeframe=4, location=베이징)"
0ABOVW,블라디보스토크 화요일 날씨 알려줘,"<function_MO>(timeframe=4, location=블라디보스토크)"
0ABOVW,화요일 산티아고 날씨 어때,"<function_MO>(timeframe=4, location=산티아고)"
0ABOVW,화요일 삼척 날씨 알려죠,"<function_MO>(timeframe=4, location=삼척)"
0ABOVW,화요일 샌디에이고 날씨 어때,"<function_MO>(timeframe=4, location=샌디에이고)"
0ABOVW,화요일 순천 날씨 따뜻하게 입어야 할까,"<function_MO>(timeframe=4, location=순천)"
0ABOVW,화요일 시애틀 날씨 몇 도야,"<function_MO>(timeframe=4, location=시애틀)"
0ABOVW,화요일 아부다비 날씨 어때,"<function_MO>(timeframe=4, location=아부다비)"
0ABOVW,화요일 날씨 어때,"<function_MO>(timeframe=4, location=아산)"
0ABOVW,아산 화요일 날씨 어때요,"<function_MO>(timeframe=4, location=아산)"
0ABOVW,화요일 일산 날씨 알려줘,"<function_MO>(timeframe=4, location=일산)"
0ABOVW,화요일 자카르타 날씨 더워,"<function_MO>(timeframe=4, location=자카르타)"
0ABOVW,화요일 전주 날씨 좀 알려줄래,"<function_MO>(timeframe=4, location=전주)"
0ABOVW,화요일 종로구 날씨 알려줘,"<function_MO>(timeframe=4, location=종로구)"
0ABOVW,화요일 취리히 날씨 좀 알려줘,"<function_MO>(timeframe=4, location=취리히)"
0ABOVW,화요일 칭다오 날씨 두껍게 입어야 해,"<function_MO>(timeframe=4, location=칭다오)"
0ABOVW,화요일 케이프타운 날씨 몇 도일까,"<function_MO>(timeframe=4, location=케이프타운)"
0ABOVW,화요일 태안 날씨 알려줄래,"<function_MO>(timeframe=4, location=태안)"
0ABOVW,화요일 프랑크푸르트 날씨 어때요,"<function_MO>(timeframe=4, location=프랑크푸르트)"
0ABOVW,화요일 날씨 정보 표시해줄래,"<function_MO>(timeframe=4, location=뉴델리)"
0ABOVW,뉴델리의 화요일 날씨 정보 표시해줄래,"<function_MO>(timeframe=4, location=뉴델리)"
0ABOVW,멕시코시티의 화요일 날씨 정보 표시해줄래,"<function_MO>(timeframe=4, location=멕시코시티)"
0ABOVW,화요일 상하이 날씨 어때,"<function_MO>(timeframe=4, location=상하이)"
0ABOVW,화요일 싱가포르 날씨 알려줘,"<function_MO>(timeframe=4, location=싱가포르)"
0ABOVW,화요일 이스탄불 날씨 어때,"<function_MO>(timeframe=4, location=이스탄불)"
0ABOVW,화요일 홍콩 날씨 어때,"<function_MO>(timeframe=4, location=홍콩)"
0ABOVW,수요일 날씨 알려줘,"<function_MO>(timeframe=5, location=0)"
0ABOVW,수요일 날씨 전망을 표시해줄 수 있어,"<function_MO>(timeframe=5, location=0)"
0ABOVW,수요일 날씨 좀 알려줘요,"<function_MO>(timeframe=5, location=0)"
0ABOVW,수요일 날씨,"<function_MO>(timeframe=5, location=0)"
0ABOVW,수요일 날씨 몇 도야,"<function_MO>(timeframe=5, location=0)"
0ABOVW,수요일 날씨 알려줄래,"<function_MO>(timeframe=5, location=0)"
0ABOVW,수요일 날씨 추울까,"<function_MO>(timeframe=5, location=0)"
0ABOVW,수요일 날씨 좀,"<function_MO>(timeframe=5, location=0)"
0ABOVW,수요일 날씨 더워,"<function_MO>(timeframe=5, location=0)"
0ABOVW,수요일 여기 날씨 어때,"<function_MO>(timeframe=5, location=0)"
0ABOVW,강남구 수요일 날씨 눈 올까,"<function_MO>(timeframe=5, location=강남구)"
0ABOVW,수요일 강릉 날씨 어때,"<function_MO>(timeframe=5, location=강릉)"
0ABOVW,수요일 고성 날씨 알려줄래,"<function_MO>(timeframe=5, location=고성)"
0ABOVW,수요일 광저우 날씨 두껍게 입어야 해,"<function_MO>(timeframe=5, location=광저우)"
0ABOVW,수요일 날씨 어때,"<function_MO>(timeframe=5, location=당진)"
0ABOVW,당진 수요일 날씨 어때요,"<function_MO>(timeframe=5, location=당진)"
0ABOVW,수요일 두바이 날씨 몇 도일까,"<function_MO>(timeframe=5, location=두바이)"
0ABOVW,레이던의 수요일 날씨 정보 표시해줄래,"<function_MO>(timeframe=5, location=레이던)"
0ABOVW,수요일 로마 날씨 많이 더울까,"<function_MO>(timeframe=5, location=로마)"
0ABOVW,수요일 리옹 날씨 알려주세요,"<function_MO>(timeframe=5, location=리옹)"
0ABOVW,수요일 목포 날씨 따뜻하게 입어야 할까,"<function_MO>(timeframe=5, location=목포)"
0ABOVW,수요일 뮌헨 날씨 어때요,"<function_MO>(timeframe=5, location=뮌헨)"
0ABOVW,수요일 밴쿠버 날씨 몇 도야,"<function_MO>(timeframe=5, location=밴쿠버)"
0ABOVW,수요일 부에노스아이레스 날씨가 어떤가요,"<function_MO>(timeframe=5, location=부에노스아이레스)"
0ABOVW,수요일 브뤼셀 날씨 좀 알려줘,"<function_MO>(timeframe=5, location=브뤼셀)"
0ABOVW,살라망카 수요일 날씨 알려줘,"<function_MO>(timeframe=5, location=살라망카)"
0ABOVW,수요일 샌프란시스코 날씨 안내해죠,"<function_MO>(timeframe=5, location=샌프란시스코)"
0ABOVW,수요일 서초구 날씨 알려줘,"<function_MO>(timeframe=5, location=서초구)"
0ABOVW,수요일 성남 날씨 좀 알려주세요,"<function_MO>(timeframe=5, location=성남)"
0ABOVW,소피아 수요일 날씨에 눈 오니,"<function_MO>(timeframe=5, location=소피아)"
0ABOVW,수요일 싱가포르 날씨 더워,"<function_MO>(timeframe=5, location=싱가포르)"
0ABOVW,수요일 안양 날씨 알려줘,"<function_MO>(timeframe=5, location=안양)"
0ABOVW,수요일 양양 날씨 알려죠,"<function_MO>(timeframe=5, location=양양)"
0ABOVW,수요일 오사카 날씨 비 와요,"<function_MO>(timeframe=5, location=오사카)"
0ABOVW,수요일 창원 날씨 더울까,"<function_MO>(timeframe=5, location=창원)"
0ABOVW,수요일 칸쿤 날씨 알려주세요,"<function_MO>(timeframe=5, location=칸쿤)"
0ABOVW,코타의 수요일 날씨 전망을 표시해주세요,"<function_MO>(timeframe=5, location=코타)"
0ABOVW,수요일 킬리만자로 날씨 몇 도야,"<function_MO>(timeframe=5, location=킬리만자로)"
0ABOVW,수요일 판교 날씨 상황 어때,"<function_MO>(timeframe=5, location=판교)"
0ABOVW,수요일 하노이 날씨 어때,"<function_MO>(timeframe=5, location=하노이)"
0ABOVW,수요일 하바나 날씨 어때,"<function_MO>(timeframe=5, location=하바나)"
0ABOVW,수요일 호놀룰루 날씨 어때,"<function_MO>(timeframe=5, location=호놀룰루)"
0ABOVW,수요일 강남 날씨 알려줘,"<function_MO>(timeframe=5, location=강남)"
0ABOVW,노원구의 수요일 날씨 정보 표시해줄래,"<function_MO>(timeframe=5, location=노원구)"
0ABOVW,수요일 날씨 정보 표시해줄래,"<function_MO>(timeframe=5, location=노원구)"
0ABOVW,수요일 두바이 날씨 비 와,"<function_MO>(timeframe=5, location=두바이)"
0ABOVW,방콕의 수요일 날씨 정보 표시해줄래,"<function_MO>(timeframe=5, location=방콕)"
0ABOVW,아부다비의 수요일 날씨 정보 표시해줄래,"<function_MO>(timeframe=5, location=아부다비)"
0ABOVW,수요일 오사카 날씨 비 와,"<function_MO>(timeframe=5, location=오사카)"
0ABOVW,수요일 이스탄불 날씨 알려줘,"<function_MO>(timeframe=5, location=이스탄불)"
0ABOVW,수요일 카사블랑카 날씨 알려줘,"<function_MO>(timeframe=5, location=카사블랑카)"
0ABOVW,목요일 날씨 몇 도야,"<function_MO>(timeframe=6, location=0)"
0ABOVW,목요일 날씨 전망을 표시해줄 수 있어,"<function_MO>(timeframe=6, location=0)"
0ABOVW,목요일 날씨 좀,"<function_MO>(timeframe=6, location=0)"
0ABOVW,목요일 날씨 알려줄래,"<function_MO>(timeframe=6, location=0)"
0ABOVW,목요일 날씨 알려줘,"<function_MO>(timeframe=6, location=0)"
0ABOVW,나서 목요일 날씨 정보 표시해줄래,"<function_MO>(timeframe=6, location=0)"
0ABOVW,목요일 날씨 알려주세요,"<function_MO>(timeframe=6, location=0)"
0ABOVW,목요일 날씨 추울까,"<function_MO>(timeframe=6, location=0)"
0ABOVW,목요일 날씨 더워,"<function_MO>(timeframe=6, location=0)"
0ABOVW,목요일 여기 날씨 어때,"<function_MO>(timeframe=6, location=0)"
0ABOVW,목요일 관악구 날씨 알려줘,"<function_MO>(timeframe=6, location=관악구)"
0ABOVW,목요일 난징 날씨 두껍게 입어야 해,"<function_MO>(timeframe=6, location=난징)"
0ABOVW,목요일 남원 날씨 좀 알려줄래,"<function_MO>(timeframe=6, location=남원)"
0ABOVW,목요일 대치동 날씨 상황 어때,"<function_MO>(timeframe=6, location=대치동)"
0ABOVW,목요일 도쿄 날씨 많이 더울까,"<function_MO>(timeframe=6, location=도쿄)"
0ABOVW,라하티 목요일 날씨 알려줘,"<function_MO>(timeframe=6, location=라하티)"
0ABOVW,목요일 마닐라 날씨 어때,"<function_MO>(timeframe=6, location=마닐라)"
0ABOVW,목요일 마드리드 날씨 알려주세요,"<function_MO>(timeframe=6, location=마드리드)"
0ABOVW,목요일 메데인 날씨 어때,"<function_MO>(timeframe=6, location=메데인)"
0ABOVW,목요일 몰타 날씨 알려주세요,"<function_MO>(timeframe=6, location=몰타)"
0ABOVW,목요일 몽블랑 날씨 몇 도야,"<function_MO>(timeframe=6, location=몽블랑)"
0ABOVW,산레모 목요일 날씨 보여줘,"<function_MO>(timeframe=6, location=산레모)"
0ABOVW,목요일 날씨 보여줘,"<function_MO>(timeframe=6, location=산레모)"
0ABOVW,목요일 상파울루 날씨가 어떤가요,"<function_MO>(timeframe=6, location=상파울루)"
0ABOVW,목요일 선양 날씨 비 와,"<function_MO>(timeframe=6, location=선양)"
0ABOVW,목요일 속초 날씨 알려줘,"<function_MO>(timeframe=6, location=속초)"
0ABOVW,목요일 슈투트가르트 날씨 어때요,"<function_MO>(timeframe=6, location=슈투트가르트)"
0ABOVW,시드니의 목요일 날씨 안내해줘,"<function_MO>(timeframe=6, location=시드니)"
0ABOVW,목요일 워르소 날씨에 눈 오니,"<function_MO>(timeframe=6, location=워르소)"
0ABOVW,목요일 인제 날씨 어때,"<function_MO>(timeframe=6, location=인제)"
0ABOVW,창녕 목요일 날씨 어때요,"<function_MO>(timeframe=6, location=창녕)"
0ABOVW,목요일 날씨 어때,"<function_MO>(timeframe=6, location=창녕)"
0ABOVW,목요일 쿠알라룸푸르 날씨 더워,"<function_MO>(timeframe=6, location=쿠알라룸푸르)"
0ABOVW,토리노의 목요일 날씨 전망을 표시해주세요,"<function_MO>(timeframe=6, location=토리노)"
0ABOVW,목요일 하얼빈 날씨 알려줘,"<function_MO>(timeframe=6, location=하얼빈)"
0ABOVW,목요일 홍천 날씨 알려줄래,"<function_MO>(timeframe=6, location=홍천)"
0ABOVW,목요일 후쿠오카 날씨 비 와요,"<function_MO>(timeframe=6, location=후쿠오카)"
0ABOVW,목요일 광진구 날씨 비 와,"<function_MO>(timeframe=6, location=광진구)"
0ABOVW,뉴델리의 목요일 날씨 정보 표시해줄래,"<function_MO>(timeframe=6, location=뉴델리)"
0ABOVW,마닐라의 목요일 날씨 정보 표시해줄래,"<function_MO>(timeframe=6, location=마닐라)"
0ABOVW,목요일 싱가포르 날씨 비 와,"<function_MO>(timeframe=6, location=싱가포르)"
0ABOVW,목요일 날씨,"<function_MO>(timeframe=6, location=천호동)"
0ABOVW,목요일 날씨 정보 표시해줄래,"<function_MO>(timeframe=6, location=천호동)"
0ABOVW,카트만두의 목요일 날씨 정보 표시해줄래,"<function_MO>(timeframe=6, location=카트만두)"
0ABOVW,목요일 후쿠오카 날씨 몇 도야,"<function_MO>(timeframe=6, location=후쿠오카)"
0ABOVW,금요일 날씨 말해줘요,"<function_MO>(timeframe=7, location=0)"
0ABOVW,금요일 날씨 전망을 표시해줄 수 있어,"<function_MO>(timeframe=7, location=0)"
0ABOVW,금요일 여기 날씨 어때,"<function_MO>(timeframe=7, location=0)"
0ABOVW,금요일 날씨 더워,"<function_MO>(timeframe=7, location=0)"
0ABOVW,금요일 날씨 추울까,"<function_MO>(timeframe=7, location=0)"
0ABOVW,금요일 날씨 보여줘,"<function_MO>(timeframe=7, location=0)"
0ABOVW,금요일 날씨 어떨 거 같아,"<function_MO>(timeframe=7, location=0)"
0ABOVW,금요일 날씨 알려줄래,"<function_MO>(timeframe=7, location=0)"
0ABOVW,금요일 날씨 알려주세요,"<function_MO>(timeframe=7, location=0)"
0ABOVW,금요일 날씨 몇 도야,"<function_MO>(timeframe=7, location=0)"
0ABOVW,금요일 강서구 날씨 알려줘,"<function_MO>(timeframe=7, location=강서구)"
0ABOVW,금요일 나고야 날씨 비 와요,"<function_MO>(timeframe=7, location=나고야)"
0ABOVW,금요일 나이로비 날씨 몇 도일까,"<function_MO>(timeframe=7, location=나이로비)"
0ABOVW,금요일 대전 날씨 더울까,"<function_MO>(timeframe=7, location=대전)"
0ABOVW,라파스의 금요일 날씨 전망을 표시해주세요,"<function_MO>(timeframe=7, location=라파스)"
0ABOVW,금요일 리마 날씨가 어떤가요,"<function_MO>(timeframe=7, location=리마)"
0ABOVW,금요일 멜버른 날씨 어때,"<function_MO>(timeframe=7, location=멜버른)"
0ABOVW,미슐콜츠의 금요일 날씨 정보 표시해줄래,"<function_MO>(timeframe=7, location=미슐콜츠)"
0ABOVW,금요일 발렌시아 날씨 알려주세요,"<function_MO>(timeframe=7, location=발렌시아)"
0ABOVW,금요일 날씨 많이 추워,"<function_MO>(timeframe=7, location=보고)"
0ABOVW,금요일 브레멘 날씨 어때요,"<function_MO>(timeframe=7, location=브레멘)"
0ABOVW,금요일 사이판 날씨 알려주세요,"<function_MO>(timeframe=7, location=사이판)"
0ABOVW,수라바야 금요일 날씨 알려줘,"<function_MO>(timeframe=7, location=수라바야)"
0ABOVW,금요일 순창 날씨 어때,"<function_MO>(timeframe=7, location=순창)"
0ABOVW,금요일 시카고 날씨 몇 도야,"<function_MO>(timeframe=7, location=시카고)"
0ABOVW,금요일 안산 날씨 좀 알려주세요,"<function_MO>(timeframe=7, location=안산)"
0ABOVW,영천 금요일 날씨 어때요,"<function_MO>(timeframe=7, location=영천)"
0ABOVW,금요일 날씨 어때,"<function_MO>(timeframe=7, location=영천)"
0ABOVW,금요일 우한 날씨 어때,"<function_MO>(timeframe=7, location=우한)"
0ABOVW,금요일 정선 날씨 알려죠,"<function_MO>(timeframe=7, location=정선)"
0ABOVW,금요일 창춘 날씨 알려줘,"<function_MO>(timeframe=7, location=창춘)"
0ABOVW,금요일 캔버라 날씨 안내해줘,"<function_MO>(timeframe=7, location=캔버라)"
0ABOVW,금요일 쿠칭 날씨 더워,"<function_MO>(timeframe=7, location=쿠칭)"
0ABOVW,금요일 톈진 날씨 비 와,"<function_MO>(timeframe=7, location=톈진)"
0ABOVW,파리 금요일 날씨 더울까,"<function_MO>(timeframe=7, location=파리)"
0ABOVW,금요일 평택 날씨 상황 어때,"<function_MO>(timeframe=7, location=평택)"
0ABOVW,금요일 하노이 날씨 비 와,"<function_MO>(timeframe=7, location=하노이)"
0ABOVW,금요일 화성 날씨 알려줘,"<function_MO>(timeframe=7, location=화성)"
0ABOVW,금요일 횡성 날씨 알려줄래,"<function_MO>(timeframe=7, location=횡성)"
0ABOVW,강남의 금요일 날씨 정보 표시해줄래,"<function_MO>(timeframe=7, location=강남)"
0ABOVW,금요일 날씨 정보 표시해줄래,"<function_MO>(timeframe=7, location=강릉)"
0ABOVW,강릉의 금요일 날씨 정보 표시해줄래,"<function_MO>(timeframe=7, location=강릉)"
0ABOVW,금요일 노원구 날씨 몇 도야,"<function_MO>(timeframe=7, location=노원구)"
0ABOVW,금요일 부산 날씨 알려줘,"<function_MO>(timeframe=7, location=부산)"
0ABOVW,금요일 해남 날씨 어때,"<function_MO>(timeframe=7, location=해남)"
0ABOVW,금요일 해운대 날씨 비 와,"<function_MO>(timeframe=7, location=해운대)"
0ABOVW,토요일 여기 날씨 어때,"<function_MO>(timeframe=8, location=0)"
0ABOVW,토요일 날씨 몇 도야,"<function_MO>(timeframe=8, location=0)"
0ABOVW,토요일 날씨 알려줘,"<function_MO>(timeframe=8, location=0)"
0ABOVW,토요일 날씨 추울까,"<function_MO>(timeframe=8, location=0)"
0ABOVW,토요일 날씨 알려줄래,"<function_MO>(timeframe=8, location=0)"
0ABOVW,토요일 날씨 어떤가요,"<function_MO>(timeframe=8, location=0)"
0ABOVW,토요일 날씨 어때,"<function_MO>(timeframe=8, location=0)"
0ABOVW,토요일 날씨 전망을 표시해줄 수 있어,"<function_MO>(timeframe=8, location=0)"
0ABOVW,토요일 날씨 좀,"<function_MO>(timeframe=8, location=0)"
0ABOVW,토요일 가평 날씨 어때,"<function_MO>(timeframe=8, location=가평)"
0ABOVW,토요일 고베 날씨 비 와요,"<function_MO>(timeframe=8, location=고베)"
0ABOVW,김천의 토요일 날씨 전망을 표시해주세요,"<function_MO>(timeframe=8, location=김천)"
0ABOVW,토요일 난징 날씨 알려줘,"<function_MO>(timeframe=8, location=난징)"
0ABOVW,토요일 담양 날씨 어때,"<function_MO>(timeframe=8, location=담양)"
0ABOVW,대저우의 토요일 날씨 정보 표시해줄래,"<function_MO>(timeframe=8, location=대저우)"
0ABOVW,토요일 데날리 날씨 몇 도야,"<function_MO>(timeframe=8, location=데날리)"
0ABOVW,토요일 리스본 날씨 좀 알려줘,"<function_MO>(timeframe=8, location=리스본)"
0ABOVW,토요일 몰디브 날씨 알려주세요,"<function_MO>(timeframe=8, location=몰디브)"
0ABOVW,토요일 밀라노 날씨 많이 더울까,"<function_MO>(timeframe=8, location=밀라노)"
0ABOVW,토요일 브리즈번 날씨 안내해줘,"<function_MO>(timeframe=8, location=브리즈번)"
0ABOVW,토요일 샌프란시스코 날씨 몇 도야,"<function_MO>(timeframe=8, location=샌프란시스코)"
0ABOVW,성북구 토요일 날씨 눈 올까,"<function_MO>(timeframe=8, location=성북구)"
0ABOVW,토요일 세부 날씨 비 와,"<function_MO>(timeframe=8, location=세부)"
0ABOVW,토요일 세종시 날씨 더울까,"<function_MO>(timeframe=8, location=세종시)"
0ABOVW,아그라 토요일 날씨 알려줘,"<function_MO>(timeframe=8, location=아그라)"
0ABOVW,토요일 애들레이드 날씨 어때,"<function_MO>(timeframe=8, location=애들레이드)"
0ABOVW,토요일 양평 날씨 알려줘,"<function_MO>(timeframe=8, location=양평)"
0ABOVW,토요일 에센 날씨 어때요,"<function_MO>(timeframe=8, location=에센)"
0ABOVW,토요일 조지타운 날씨 더워,"<function_MO>(timeframe=8, location=조지타운)"
0ABOVW,토요일 칭다오 날씨 어때,"<function_MO>(timeframe=8, location=칭다오)"
0ABOVW,토요일 카사블랑카 날씨 몇 도일까,"<function_MO>(timeframe=8, location=카사블랑카)"
0ABOVW,토요일 퀘벡 날씨 어때,"<function_MO>(timeframe=8, location=퀘벡)"
0ABOVW,토요일 날씨 보여줘,"<function_MO>(timeframe=8, location=태백)"
0ABOVW,태백 토요일 날씨 보여줘,"<function_MO>(timeframe=8, location=태백)"
0ABOVW,토요일 파주 날씨 알려줘,"<function_MO>(timeframe=8, location=파주)"
0ABOVW,토요일 평창 날씨 알려줄래,"<function_MO>(timeframe=8, location=평창)"
0ABOVW,토요일 피렌체 날씨 알려주세요,"<function_MO>(timeframe=8, location=피렌체)"
0ABOVW,토요일 광진구 날씨 몇 도야,"<function_MO>(timeframe=8, location=광진구)"
0ABOVW,토요일 노량진 날씨 알려줘,"<function_MO>(timeframe=8, location=노량진)"
0ABOVW,토요일 런던 날씨 어때,"<function_MO>(timeframe=8, location=런던)"
0ABOVW,시드니의 토요일 날씨 정보 표시해줄래,"<function_MO>(timeframe=8, location=시드니)"
0ABOVW,토요일 날씨 정보 표시해줄래,"<function_MO>(timeframe=8, location=시드니)"
0ABOVW,토요일 날씨,"<function_MO>(timeframe=8, location=시드니)"
0ABOVW,토요일 제주시 날씨 알려줘,"<function_MO>(timeframe=8, location=제주시)"
0ABOVW,토요일 천호동 날씨 알려줘,"<function_MO>(timeframe=8, location=천호동)"
0ABOVW,토요일 하노이 날씨 비 와,"<function_MO>(timeframe=8, location=하노이)"
0ABOVW,일요일 날씨 몇 도야,"<function_MO>(timeframe=9, location=0)"
0ABOVW,일요일 날씨 추울까,"<function_MO>(timeframe=9, location=0)"
0ABOVW,일요일 날씨 알려줄래,"<function_MO>(timeframe=9, location=0)"
0ABOVW,일요일 날씨 전망을 표시해줄 수 있어,"<function_MO>(timeframe=9, location=0)"
0ABOVW,일요일 날씨 더워,"<function_MO>(timeframe=9, location=0)"
0ABOVW,일요일 날씨,"<function_MO>(timeframe=9, location=0)"
0ABOVW,일요일 날씨 좀 알려줘요,"<function_MO>(timeframe=9, location=0)"
0ABOVW,일요일 날씨 알려줘,"<function_MO>(timeframe=9, location=0)"
0ABOVW,일요일 날씨 알려죠,"<function_MO>(timeframe=9, location=0)"
0ABOVW,일요일 날씨 정보 표시해줄래,"<function_MO>(timeframe=9, location=0)"
0ABOVW,일요일 날씨 좀,"<function_MO>(timeframe=9, location=0)"
0ABOVW,일요일 고흥 날씨 따뜻하게 입어야 할까,"<function_MO>(timeframe=9, location=고흥)"
0ABOVW,일요일 과천 날씨 상황 어때,"<function_MO>(timeframe=9, location=과천)"
0ABOVW,일요일 금천구 날씨 알려줘,"<function_MO>(timeframe=9, location=금천구)"
0ABOVW,일요일 남양주 날씨 어때,"<function_MO>(timeframe=9, location=남양주)"
0ABOVW,일요일 다르에스살람 날씨 더워,"<function_MO>(timeframe=9, location=다르에스살람)"
0ABOVW,일요일 대관령 날씨 알려줘,"<function_MO>(timeframe=9, location=대관령)"
0ABOVW,일요일 동두천 날씨 좀 알려주세요,"<function_MO>(timeframe=9, location=동두천)"
0ABOVW,일요일 런던 날씨 몇 도야,"<function_MO>(timeframe=9, location=런던)"
0ABOVW,일요일 레이캬비크 날씨 어때요,"<function_MO>(timeframe=9, location=레이캬비크)"
0ABOVW,일요일 날씨 어때,"<function_MO>(timeframe=9, location=밀드라)"
0ABOVW,밀드라 일요일 날씨 어때요,"<function_MO>(timeframe=9, location=밀드라)"
0ABOVW,일요일 바르셀로나 날씨 많이 더울까,"<function_MO>(timeframe=9, location=바르셀로나)"
0ABOVW,일요일 벤쿠버 날씨 어때,"<function_MO>(timeframe=9, location=벤쿠버)"
0ABOVW,일요일 브리즈번 날씨 어때,"<function_MO>(timeframe=9, location=브리즈번)"
0ABOVW,일요일 블라디보스토크 날씨에 눈 오니,"<function_MO>(timeframe=9, location=블라디보스토크)"
0ABOVW,일요일 삿포로 날씨 비 와요,"<function_MO>(timeframe=9, location=삿포로)"
0ABOVW,일요일 상하이 날씨 비 와,"<function_MO>(timeframe=9, location=상하이)"
0ABOVW,일요일 선양 날씨 두껍게 입어야 해,"<function_MO>(timeframe=9, location=선양)"
0ABOVW,일요일 날씨 보여줘,"<function_MO>(timeframe=9, location=세고비아)"
0ABOVW,세고비아 일요일 날씨 보여줘,"<function_MO>(timeframe=9, location=세고비아)"
0ABOVW,아르헨티나 일요일 날씨가 어떤가요,"<function_MO>(timeframe=9, location=아르헨티나)"
0ABOVW,영등포구 일요일 날씨 눈 올까,"<function_MO>(timeframe=9, location=영등포구)"
0ABOVW,일요일 오산 날씨 알려줘,"<function_MO>(timeframe=9, location=오산)"
0ABOVW,일요일 울산 날씨 더울까,"<function_MO>(timeframe=9, location=울산)"
0ABOVW,일요일 원주 날씨 알려줄래,"<function_MO>(timeframe=9, location=원주)"
0ABOVW,일요일 웰링턴 날씨 안내해줘,"<function_MO>(timeframe=9, location=웰링턴)"
0ABOVW,일요일 의성 날씨 좀 알려줄래,"<function_MO>(timeframe=9, location=의성)"
0ABOVW,일요일 케이프타운 날씨 몇 도일까,"<function_MO>(timeframe=9, location=케이프타운)"
0ABOVW,일요일 타히티 날씨 알려주세요,"<function_MO>(timeframe=9, location=타히티)"
0ABOVW,틸루르그의 일요일 날씨 정보 표시해줄래,"<function_MO>(timeframe=9, location=틸루르그)"
0ABOVW,하남의 일요일 날씨 전망을 표시해주세요,"<function_MO>(timeframe=9, location=하남)"
0ABOVW,일요일 리우데자네이루 날씨 알려줘,"<function_MO>(timeframe=9, location=리우데자네이루)"
0ABOVW,일요일 몬트리올 날씨 비 와,"<function_MO>(timeframe=9, location=몬트리올)"
0ABOVW,일요일 해남 날씨 알려줘,"<function_MO>(timeframe=9, location=해남)"
0ABOVW,해운대의 일요일 날씨 정보 표시해줄래,"<function_MO>(timeframe=9, location=해운대)"
0ABOVW,자격증 준비하고 있니,<function_MR>()
0ABOVW,저는 음악을 듣는 걸 좋아해요,<function_MR>()
0ABOVW,이 책 정말 재밌어,<function_MR>()
0ABOVW,오늘 저녁은 샐러드로 가볍게 먹을까,<function_MR>()
0ABOVW,내일은 조금 더 부지런하게 보내야겠어 할 일이 많아,<function_MR>()
0ABOVW,다음 달에 있을 콘서트를 기대하고 있어 정말 재밌을 것 같아,<function_MR>()
0ABOVW,제주도 여행 가봤어,<function_MR>()
0ABOVW,새로 시작한 취미가 너무 재미있어서 시간 가는 줄 모르겠어,<function_MR>()
0ABOVW,새로 시작한 운동이 뭐야,<function_MR>()
0ABOVW,이번 달은 너무 바빠서 친구들 만날 시간이 없었어,<function_MR>()
0ABOVW,오늘 저녁은 뭘 먹을지 고민 중이야 배는 고픈데 딱히 생각나는 게 없어,<function_MR>()
0ABOVW,내일 중요한 발표가 있는데 너무 긴장 돼 잘해야 할 텐데,<function_MR>()
0ABOVW,요즘 읽고 있는 책이 정말 흥미로워,<function_MR>()
0ABOVW,새로운 가방을 사고 싶은데 어떤 게 좋을까 고민 중이야,<function_MR>()
0ABOVW,요즘 스트레스를 너무 많이 받아서 운동으로 풀려고 해,<function_MR>()
0ABOVW,이번 주말에는 그냥 집에서 편하게 쉬고 싶어,<function_MR>()
0ABOVW,이번 주말에는 그냥 집에서 푹 쉬려고 해,<function_MR>()
0ABOVW,이 음악 들어봤어,<function_MR>()
0ABOVW,좋아하는 책이 뭐야,<function_MR>()
0ABOVW,오늘은 아무것도 하기 싫어서 그냥 집에 있을래,<function_MR>()
0ABOVW,다음 주에 있을 모임 준비를 미리 해둬야겠어,<function_MR>()
0ABOVW,새로 개봉한 영화 봐야겠어,<function_MR>()
0ABOVW,일정을 잘못 짜서 오늘 하루 종일 바쁘게 움직였어,<function_MR>()
0ABOVW,커피 한 잔 마시러 갈래,<function_MR>()
0ABOVW,새로 나온 영화 예고편 봤어 되게 재밌어 보이더라,<function_MR>()
0ABOVW,내일 중요한 미팅 있어,<function_MR>()
0ABOVW,오늘 하루가 너무 바빴어 이제 좀 쉬고 싶어,<function_MR>()
0ABOVW,내일은 일찍 일어나서 하루를 길게 써볼 생각이야,<function_MR>()
0ABOVW,이번 달은 정신없이 바빠서 친구들 만날 시간이 없었어,<function_MR>()
0ABOVW,다음 달에 있을 중요한 발표를 준비 중이야,<function_MR>()
0ABOVW,오늘 할 일 많아,<function_MR>()
0ABOVW,다음 달에 있을 시험 준비를 열심히 해야 할 것 같아,<function_MR>()
0ABOVW,새로운 요리법 배웠어,<function_MR>()
0ABOVW,새로 나온 레스토랑 가봤어,<function_MR>()
0ABOVW,넌 무슨 음식을 좋아해,<function_MR>()
0ABOVW,넌 어떻게 생각해,<function_MR>()
0ABOVW,다음 주에 있을 약속이 취소돼서 좀 아쉽다,<function_MR>()
0ABOVW,요즘 들어 일찍 자고 일찍 일어나니까 기분이 상쾌해,<function_MR>()
0ABOVW,새로 시작한 다이어트가 생각보다 힘드네,<function_MR>()
0ABOVW,어떤 영화가 좋을까,<function_MR>()
0ABOVW,주말에 계획 있어,<function_MR>()
0ABOVW,집에서 할 수 있는 운동 추천해 줄 수 있어,<function_MR>()
0ABOVW,다음 달에 친구랑 여행 갈 계획 세우고 있어,<function_MR>()
0ABOVW,자기계발서 추천해줄래,<function_MR>()
0ABOVW,요즘 뭐하고 있는지 말해봐,<function_MR>()
0ABOVW,오늘 저녁은 간단하게 파스타나 만들어 먹어야겠어,<function_MR>()
0ABOVW,오늘 하루가 너무 길어서 이제 좀 쉬고 싶어,<function_MR>()
0ABOVW,새로 산 자전거를 타고 근처 공원을 돌면 좋을 것 같아,<function_MR>()
0ABOVW,이번에 여행 가서 사진 많이 찍자,<function_MR>()
0ABOVW,이번 주말에 뭐 할 계획 있어,<function_MR>()
0ABOVW,내일은 뭐 할 계획이야,<function_MR>()
0ABOVW,오늘 저녁으로 뭐 먹을지 아직도 고민 중이야,<function_MR>()
0ABOVW,이번 주에 할 일이 많아서 큰일이야,<function_MR>()
0ABOVW,오늘은 하루 종일 비가 와서 기분이 축 처지네,<function_MR>()
0ABOVW,이 영화 예고편 봤어,<function_MR>()
0ABOVW,오늘 일정은 어떻게 돼,<function_MR>()
0ABOVW,오랜만에 부모님과 시간을 보내려고 계획 중이야,<function_MR>()
0ABOVW,아 맛있는 거 먹고 싶은걸,<function_MR>()
0ABOVW,등산할 때 필요한 장비가 뭐가 있을까,<function_MR>()
0ABOVW,다음 달에 있을 중요한 발표 준비로 바빠,<function_MR>()
0ABOVW,내일은 조금 일찍 일어나서 할 일 좀 미리 해둬야겠어,<function_MR>()
0ABOVW,새로 산 가방이 마음에 드는데 무슨 옷이랑 잘 어울릴지 고민이야,<function_MR>()
0ABOVW,하루 종일 앉아있었더니 허리가 너무 아프다 스트레칭을 좀 해야겠어,<function_MR>()
0ABOVW,이 영화 추천할 만해,<function_MR>()
0ABOVW,지금 뭐 하고 있어,<function_MR>()
0ABOVW,오늘은 하루 종일 바쁘게 보냈는데도 아직 해야 할 일이 남아있어,<function_MR>()
0ABOVW,오늘 하루는 너무 길어서 이제 좀 쉬고 싶어,<function_MR>()
0ABOVW,무슨 취미 있어,<function_MR>()
0ABOVW,새로운 레시피로 요리를 해볼까 하는데 뭐가 좋을지 고민 중이야,<function_MR>()
0ABOVW,요즘 드라마 뭐 재밌어,<function_MR>()
0ABOVW,오늘 하루는 너무 바빴어 이제야 좀 여유가 생겼어,<function_MR>()
0ABOVW,오늘 뭔가 할 게 많아,<function_MR>()
0ABOVW,새로 산 자켓이 정말 마음에 들어 매일 입고 다니고 있어,<function_MR>()
0ABOVW,좋아하는 운동 선수가 누구야,<function_MR>()
0ABOVW,오늘 아침부터 정신없었어,<function_MR>()
0ABOVW,오늘 하루 어땠어,<function_MR>()
0ABOVW,나서 새 앨범 들어봤어,<function_MR>()
0ABOVW,요즘 잠이 잘 안 와,<function_MR>()
0ABOVW,오늘 저녁에는 가볍게 산책을 하면서 기분을 전환해야겠어,<function_MR>()
0ABOVW,오늘 진짜 힘들었어,<function_MR>()
0ABOVW,커피 마실래,<function_MR>()
0ABOVW,주말에 뭘 할지 아직 못 정했는데 그냥 영화나 볼까 생각 중이야,<function_MR>()
0ABOVW,다음 주에는 꼭 가족들이랑 외식하기로 했어,<function_MR>()
0ABOVW,산책하러 나가자,<function_MR>()
0ABOVW,오늘은 그냥 집에서 푹 쉬면서 시간을 보내려고 해,<function_MR>()
0ABOVW,드럼 배우고 싶은데 어디서 시작하지,<function_MR>()
0ABOVW,요즘 공부하는 게 힘들어,<function_MR>()
0ABOVW,이번 주말에는 그냥 쉬면서 영화나 몰아서 볼까 고민 중이야,<function_MR>()
0ABOVW,친구랑 약속이 있었는데 갑자기 취소됐어,<function_MR>()
0ABOVW,다음 휴가는 해외로 가고 싶어,<function_MR>()
0ABOVW,오늘은 무슨 일을 해야 할지 모르겠어,<function_MR>()
0ABOVW,새로운 옷을 사고 싶은데 어떤 스타일이 좋을지 고민이야,<function_MR>()
0ABOVW,오늘 진짜 일 많았어,<function_MR>()
0ABOVW,이번 주에는 할 일이 많아서 시간을 잘 계획해야겠어,<function_MR>()
0ABOVW,내일은 일찍 일어나서 하루를 길게 써야겠어,<function_MR>()
0ABOVW,이 영화 결말 예상했어,<function_MR>()
0ABOVW,다음 주말에는 오랜만에 가족들이랑 시간을 보내려고 해,<function_MR>()
0ABOVW,온라인 쇼핑 많이 해,<function_MR>()
0ABOVW,최근에 본 영화 중에 뭐가 제일 좋았어,<function_MR>()
0ABOVW,새로 나온 신발이 예쁘더라,<function_MR>()
0ABOVW,오늘은 뭘 입을까,<function_MR>()
0ABOVW,주말에 만날래,<function_MR>()
0ABOVW,다음 주말에는 친구들과 등산을 가기로 했어,<function_MR>()
0ABOVW,다음 주에 있을 발표 준비를 미리 해둬야 할 것 같아,<function_MR>()
0ABOVW,이번 주에는 운동을 조금 더 열심히 해야겠어,<function_MR>()
0ABOVW,이번 달은 정말 정신없이 지나간 것 같아,<function_MR>()
0ABOVW,어디 가고 싶어,<function_MR>()
0ABOVW,내일 아침에는 조금 일찍 일어나서 산책이나 할까,<function_MR>()
0ABOVW,다음 주에는 중요한 발표가 있어서 준비를 철저히 해야 해,<function_MR>()
0ABOVW,빵집에서 맛있는 빵 사왔어,<function_MR>()
0ABOVW,다음 주에 친구들이랑 여행 가기로 했는데 기대 돼,<function_MR>()
0ABOVW,커피 한 잔 할까,<function_MR>()
0ABOVW,이번에 새로 시작한 취미가 너무 재미있어,<function_MR>()
0ABOVW,이 영화 어때,<function_MR>()
0ABOVW,이 영화 명장면이지,<function_MR>()
0ABOVW,오늘 저녁은 뭘 먹어야 할지 고민이네 배는 고픈데 딱히 땡기는 게 없어,<function_MR>()
0ABOVW,오늘 하루 종일 바빴는데도 아직 해야 할 일이 많아,<function_MR>()
0ABOVW,요즘 너무 바빠서 운동할 시간이 없어서 몸이 찌뿌둥해,<function_MR>()
0ABOVW,오늘 저녁에는 친구들이랑 만나서 저녁을 먹을 예정이야,<function_MR>()
0ABOVW,영화관에서 팝콘이랑 콜라 마시면서 영화 보고 싶다,<function_MR>()
0ABOVW,새로 나온 게임이 정말 재밌어 보이는데 해볼까,<function_MR>()
0ABOVW,뭐 좀 추천해줄래,<function_MR>()
0ABOVW,저는 스페인어를 배우고 있어요,<function_MR>()
0ABOVW,이번 주에는 운동을 좀 더 열심히 해야겠어 체력이 필요해,<function_MR>()
0ABOVW,오늘 무슨 계획 있어,<function_MR>()
0ABOVW,내일 영화 보러 갈래,<function_MR>()
0ABOVW,새로 오픈한 식당 가봤어,<function_MR>()
0ABOVW,이번에 새로 나온 카메라가 정말 좋아 보이는데 살까 말까 고민 중이야,<function_MR>()
0ABOVW,요즘 좋아하는 음식 뭐야,<function_MR>()
0ABOVW,새로 나온 드라마 봤어,<function_MR>()
0ABOVW,이번 주말에는 뭐 하고 놀까 새로운 카페나 가볼까,<function_MR>()
0ABOVW,영화관에서 어떤 자리 앉을래,<function_MR>()
0ABOVW,배가 고파서 뭐라도 먹어야겠어,<function_MR>()
0ABOVW,오늘 회사에서 회의가 있었는데 생각보다 길었어,<function_MR>()
0ABOVW,내일 뭐할 계획 있어,<function_MR>()
0ABOVW,새로 시작한 프로젝트가 생각보다 어렵네 스트레스 받아,<function_MR>()
0ABOVW,요즘 여행지 중에 어디가 제일 좋아,<function_MR>()
0ABOVW,이거 어디서 본 것 같아,<function_MR>()
0ABOVW,새로운 요리법을 배웠어,<function_MR>()
0ABOVW,다음 주에는 더 열심히 일해야겠어 할 일이 많아,<function_MR>()
0ABOVW,내일 아침에는 일찍 일어나서 독서를 할까 생각 중이야,<function_MR>()
0ABOVW,온라인 강의 들어봤어,<function_MR>()
0ABOVW,책 다 읽었어,<function_MR>()
0ABOVW,나서 이 식당 어때,<function_MR>()
0ABOVW,가성비 좋은 제품 추천해줄래,<function_MR>()
0ABOVW,이번 주에는 운동을 좀 더 열심히 해야겠어 체력 기르기가 중요해,<function_MR>()
0ABOVW,요즘 운동 뭐 하고 있어,<function_MR>()
0ABOVW,나서 이 영화 언제 개봉해,<function_MR>()
0ABOVW,저녁에 뭐 먹을지 고민 중이야 뭘 먹으면 좋을까,<function_MR>()
0ABOVW,이 드라마 스토리 진짜 긴장감 넘쳐,<function_MR>()
0ABOVW,오늘은 아무것도 안 하고 그냥 푹 쉬고 싶어,<function_MR>()
0ABOVW,요즘 들어 너무 바빠서 쉬는 날이 필요해,<function_MR>()
0ABOVW,새로 나온 스마트폰 사고 싶은데 지금 사도 괜찮을까,<function_MR>()
0ABOVW,새로 나온 노래가 되게 좋더라 계속 반복해서 듣고 있어,<function_MR>()
0ABOVW,저녁에 뭐 먹을지 고민 중이야 피자 아니면 파스타,<function_MR>()
0ABOVW,이 영화 진짜 재밌다,<function_MR>()
0ABOVW,효율적으로 공부하는 방법이 뭐야,<function_MR>()
0ABOVW,시간 관리 방법 공유해줄래,<function_MR>()
0ABOVW,비행기 표 예약했어,<function_MR>()
0ABOVW,새로운 취미를 찾고 싶은데 뭐가 좋을지 모르겠어,<function_MR>()
0ABOVW,주말에 시간이 있을까,<function_MR>()
0ABOVW,테니스 치러 가볼까,<function_MR>()
0ABOVW,친구랑 같이 가는 여행이 정말 기대 돼,<function_MR>()
0ABOVW,새로 시작한 취미가 너무 재미있어서 시간이 금방 가더라,<function_MR>()
0ABOVW,나서 다음 주말에 부모님과 시간을 보낼까 생각 중이야,<function_MR>()
0ABOVW,이번 주말에 근교로 드라이브 갈래,<function_MR>()
0ABOVW,좋아하는 TV 프로그램이 뭐야,<function_MR>()
0ABOVW,이번에 새로 공부 시작한 게 뭐야,<function_MR>()
0ABOVW,저녁 먹고 나서 디저트로 뭐 먹을지 고민 중이야,<function_MR>()
0ABOVW,오늘 밤 뭐 할 계획이야,<function_MR>()
0ABOVW,내일 아침에 뭐 먹지 고민되네 오랜만에 브런치를 먹을까,<function_MR>()
0ABOVW,요즘 좋아하는 음악이 뭐야 새로운 노래 추천해줘,<function_MR>()
0ABOVW,오늘은 가볍게 산책하면서 기분 전환을 해야겠어,<function_MR>()
0ABOVW,다음 주에는 조금 더 계획적으로 살아야겠다는 생각이 들어,<function_MR>()
0ABOVW,다음 주말에 부모님과 시간을 보낼까 생각 중이야,<function_MR>()
0ABOVW,오랜만에 영화를 보러 가는 것도 괜찮을 것 같아,<function_MR>()
0ABOVW,내일은 친구랑 카페에서 시간을 보낼 계획이야,<function_MR>()
0ABOVW,다음 주에는 꼭 친구들이랑 만나서 같이 저녁 먹기로 했어,<function_MR>()
0ABOVW,그림 그리는 게 스트레스 풀리더라,<function_MR>()
0ABOVW,내일은 꼭 일찍 일어나서 할 일을 끝내야겠어,<function_MR>()
0ABOVW,아이스크림 먹으러 가자,<function_MR>()
0ABOVW,이 식당 가본 적 있어,<function_MR>()
0ABOVW,요즘 너무 바빠서 친구들이랑 만날 시간이 없어,<function_MR>()
0ABOVW,오늘은 오랜만에 친구들과 저녁을 먹으러 갈 계획이야,<function_MR>()
0ABOVW,오늘 일정 끝났어,<function_MR>()
0ABOVW,새로 시작한 취미가 생각보다 재미있어서 시간이 금방 가더라,<function_MR>()
0ABOVW,외국어 공부 중인데 추천할 만한 자료 있어,<function_MR>()
0ABOVW,이 식당 가볼까,<function_MR>()
0ABOVW,새로 나온 카페에 가서 커피 한 잔 하고 싶다,<function_MR>()
0ABOVW,이번 주말에는 오랜만에 친구들과 만나기로 했어,<function_MR>()
0ABOVW,겨울에는 스키 타러 가는 게 좋겠어,<function_MR>()
0ABOVW,새로 시작한 운동이 너무 힘들어서 포기할까,<function_MR>()
0ABOVW,유튜버나 인플루언서 중에 꾸준히 보는 사람 있어,<function_MR>()
0ABOVW,새 가방이 필요해,<function_MR>()
0ABOVW,내일은 조금 더 부지런하게 보내야겠어 할 일이 많거든,<function_MR>()
0ABOVW,내일 아침에 일찍 일어나서 운동해야지,<function_MR>()
0ABOVW,온라인에서 저렴하게 살 수 있는 방법 있니,<function_MR>()
0ABOVW,영화 예고편 봤어,<function_MR>()
0ABOVW,오늘 뭐 먹었어,<function_MR>()
0ABOVW,이번 주말에 뭐 하려고,<function_MR>()
0ABOVW,여름 휴가 어디로 갈까,<function_MR>()
0ABOVW,요즘 무슨 공부 하고 있어,<function_MR>()
0ABOVW,내일 아침에 일찍 일어나야 돼,<function_MR>()
0ABOVW,이번 주말에는 뭘 할까,<function_MR>()
0ABOVW,저녁에 뭐 하고 싶어,<function_MR>()
0ABOVW,나서 오늘 하루는 그냥 아무것도 안 하고 싶어,<function_MR>()
0ABOVW,이번에 새로 나온 영화 본 사람 있어,<function_MR>()
0ABOVW,다음 주에는 조금 더 부지런하게 지내야겠다고 다짐 중이야,<function_MR>()
0ABOVW,오늘은 일찍 자야지 내일 할 일이 많거든,<function_MR>()
0ABOVW,어디 가는 거야,<function_MR>()
0ABOVW,내일은 일찍 일어나서 하루를 길게 써보려고 해,<function_MR>()
0ABOVW,오늘 저녁 뭐 먹지,<function_MR>()
0ABOVW,인터넷에서 쇼핑하는 거 좋아해,<function_MR>()
0ABOVW,내일은 친구랑 점심 먹으러 가기로 했어,<function_MR>()
0ABOVW,넌 주말에 보통 뭐 해,<function_MR>()
0ABOVW,내일 시간 있어,<function_MR>()
0ABOVW,이거 어디서 샀어,<function_MR>()
0ABOVW,주말에 친구랑 캠핑 갈 거야,<function_MR>()
0ABOVW,아침에 일어나기가 정말 힘들어,<function_MR>()
0ABOVW,오늘 점심은 간단하게 먹고 싶어,<function_MR>()
0ABOVW,다음 달에 있을 모임을 준비하려고 하는데 뭘 준비해야 할지 고민이야,<function_MR>()
0ABOVW,아침에 먹은 커피가 너무 진해서 잠이 확 깨더라,<function_MR>()
0ABOVW,오늘 저녁은 무슨 메뉴로 할지 고민 중이야,<function_MR>()
0ABOVW,좋아하는 스포츠가 뭐야,<function_MR>()
0ABOVW,일본어로 고마워는 어떻게 말해,<function_MR>()
0ABOVW,이번 주에 새로운 프로젝트가 시작돼서 기대 중이야,<function_MR>()
0ABOVW,오늘은 하루가 정말 빨리 지나갔어 뭘 했는지 모르겠어,<function_MR>()
0ABOVW,저녁에 산책할 때 조용한 음악을 들으면 기분이 좋아져,<function_MR>()
0ABOVW,오늘 하루는 정말 길었어 이제 쉬고 싶다,<function_MR>()
0ABOVW,오늘 점심은 뭐 먹지 뭔가 색다른 걸 먹어보고 싶어,<function_MR>()
0ABOVW,다음 주말에 여행 가려고 계획 세우고 있어,<function_MR>()
0ABOVW,이번 주말에는 뭘 할까 미리 계획을 세워야겠어,<function_MR>()
0ABOVW,새로 산 옷이 너무 마음에 들어 매일 입고 다니고 있어,<function_MR>()
0ABOVW,내일은 조금 더 부지런하게 보내야지 할 일이 많아,<function_MR>()
0ABOVW,아, 그만하고 싶다, 이거,<function_MR>()
0ABOVW,이번 주말에 새로운 식당을 찾아가볼까,<function_MR>()
0ABOVW,새로운 스킬을 배우고 싶어,<function_MR>()
0ABOVW,이번 주말에 뭐 할거야,<function_MR>()
0ABOVW,집에서 영화 보는 게 좋아, 아니면 영화관이 좋아,<function_MR>()
0ABOVW,이번에 새로 나온 게임 해봤어 정말 재미있더라,<function_MR>()
0ABOVW,내일은 친구들과 카페에서 시간을 보낼 계획이야,<function_MR>()
0ABOVW,새로 나온 게임이 재미있어 보이던데 언제 한번 해봐야겠어,<function_MR>()
0ABOVW,요즘 스트레스를 너무 많이 받아서 운동으로 풀고 있어,<function_MR>()
0ABOVW,요즘 스트레스가 많아,<function_MR>()
0ABOVW,요즘 무슨 취미 생겼어,<function_MR>()
0ABOVW,오늘 점심 뭐 먹지,<function_MR>()
0ABOVW,책상 정리 좀 해야겠어 너무 지저분해졌어,<function_MR>()
0ABOVW,오늘은 뭘 해야 할지 모르겠어 그냥 편하게 쉬고 싶어,<function_MR>()
0ABOVW,다음 주에 중요한 발표가 있는데 준비가 잘 될지 걱정 돼,<function_MR>()
0ABOVW,친구가 보내준 선물이 정말 마음에 들어 오랜만에 웃었어,<function_MR>()
0ABOVW,최근에 다이어트를 시작했어,<function_MR>()
0ABOVW,새로 나온 영화가 기대 돼 이번 주말에 보러 갈까 생각 중이야,<function_MR>()
0ABOVW,책 좀 추천해줘,<function_MR>()
0ABOVW,오늘은 가볍게 산책을 하면서 하루를 마무리해야겠어,<function_MR>()
0ABOVW,읽고 있는 책이 정말 두꺼워,<function_MR>()
0ABOVW,가장 좋아하는 아이스크림 맛이 뭐야,<function_MR>()
0ABOVW,겨울엔 정말 추운 걸 싫어해,<function_MR>()
0ABOVW,새로 나온 앨범 어땠어,<function_MR>()
0ABOVW,다음 주말에는 부모님과 시간을 보내기로 했어,<function_MR>()
0ABOVW,이번 주말에는 가족들이랑 시간을 보내기로 했어,<function_MR>()
0ABOVW,내일은 좀 더 부지런히 일해야겠어 할 일이 많거든,<function_MR>()
0ABOVW,이번에 무슨 브랜드를 살까,<function_MR>()
0ABOVW,운동 다녀왔어,<function_MR>()
0ABOVW,주말에 만날 수 있어,<function_MR>()
0ABOVW,요즘 음악 추천 좀 해줘,<function_MR>()
0ABOVW,새로 산 가구가 정말 마음에 들어 집이 훨씬 넓어 보이더라,<function_MR>()
0ABOVW,넌 무슨 취미 있어,<function_MR>()
0ABOVW,커피 한 잔 할래,<function_MR>()
0ABOVW,새로 산 책이 너무 재미있어서 밤새 읽었어,<function_MR>()
0ABOVW,다음 주말에는 가족들과 여행을 가기로 했어,<function_MR>()
0ABOVW,이번 주에는 운동을 좀 더 열심히 해야겠어 체력이 떨어지는 것 같아,<function_MR>()
0ABOVW,오늘 저녁 뭐 먹지,<function_MR>()
0ABOVW,주말엔 보통 뭐해,<function_MR>()
0ABOVW,요즘 재미있는 책 있어,<function_MR>()
0ABOVW,다음 달에 있을 여행을 위해 준비해야 할 것들이 많아,<function_MR>()
0ABOVW,집에서 푹 쉬는 게 좋아,<function_MR>()
0ABOVW,이번 주말에 콘서트 가볼까,<function_MR>()
0ABOVW,최근 하는 일이 뭐야,<function_MR>()
0ABOVW,요즘 들어 스트레스를 많이 받아서 여행을 가고 싶어,<function_MR>()
0ABOVW,오늘 하루는 너무 길어서 이제 좀 쉬고 싶어,<function_MR>()
0ABOVW,요즘 뜨는 밴드 알아,<function_MR>()
0ABOVW,이번에 새로 산 옷 어때,<function_MR>()
0ABOVW,내일은 아침 일찍 일어나서 운동을 해야겠어,<function_MR>()
0ABOVW,나 좀 우울한 것 같아,<function_MR>()
0ABOVW,이번 주말에는 가족들과 여행을 가기로 했어,<function_MR>()
0ABOVW,새로운 화장품을 샀는데 정말 좋아,<function_MR>()
0ABOVW,집에 돌아와서 샤워하니까 너무 상쾌해졌어,<function_MR>()
0ABOVW,새로 나온 책을 읽고 있는데 너무 흥미진진해서 시간 가는 줄 몰라,<function_MR>()
0ABOVW,요즘은 건강에 신경을 많이 써서 운동을 더 자주 하고 있어,<function_MR>()
0ABOVW,매일 운동하려고 노력 중이야,<function_MR>()
0ABOVW,주말에 같이 게임할 사람 구하는데 누구 할래,<function_MR>()
0ABOVW,오늘은 푹 쉬고 싶어서 집에서 시간을 보내려고 해,<function_MR>()
0ABOVW,내일 중요한 회의가 있어서 준비를 좀 더 해야겠어,<function_MR>()
0ABOVW,수영하러 가는 거 어때,<function_MR>()
0ABOVW,내일은 아침에 일찍 일어나서 운동하고 싶어,<function_MR>()
0ABOVW,내일은 오랜만에 친구랑 점심을 먹으려고 해,<function_MR>()
0ABOVW,이번 주말에는 집에서 푹 쉬면서 시간을 보내려고 해,<function_MR>()
0ABOVW,새로 산 이어폰이 정말 좋아서 음악 듣는 게 더 즐거워졌어,<function_MR>()
0ABOVW,새로운 노트북을 살까 말까 고민 중이야,<function_MR>()
0ABOVW,운동을 꾸준히 하려고 노력 중인데 쉽지 않네,<function_MR>()
0ABOVW,이 배우 연기 진짜 잘하지,<function_MR>()
0ABOVW,이번 주말에는 영화를 보러 갈 계획이 있어,<function_MR>()
0ABOVW,새로 시작한 취미가 너무 즐거워 더 자주 하고 싶어,<function_MR>()
0ABOVW,디저트 먹고 싶은데 뭐가 좋을까,<function_MR>()
0ABOVW,주말에는 주로 공부하니,<function_MR>()
0ABOVW,이번 주말에는 오랜만에 가족들과 시간을 보내려고 해,<function_MR>()
0ABOVW,주말에 가족들이랑 놀러 가려고 계획 중이야,<function_MR>()
0ABOVW,오늘은 진짜 아무것도 하기 싫어서 그냥 누워만 있었어,<function_MR>()
0ABOVW,집에 있는 간식이 다 떨어져서 마트에 가야겠어,<function_MR>()
0ABOVW,내일 아침에는 일찍 일어나서 하루를 좀 길게 써야겠어,<function_MR>()
0ABOVW,주말에 뭘 하면 좋을지 추천해줘,<function_MR>()
0ABOVW,주말에 영화관에 가고 싶은데 요즘 재밌는 영화 뭐가 있을까,<function_MR>()
0ABOVW,오늘은 친구들과 함께 시간을 보내려고 해,<function_MR>()
0ABOVW,오늘 진짜 바빴어,<function_MR>()
0ABOVW,새로운 노래가 나왔는데 한번 들어봐야겠어,<function_MR>()
0ABOVW,책을 읽다가 잠이 들었네 다시 시작해야겠어,<function_MR>()
0ABOVW,저는 사진 찍는 걸 정말 좋아해요,<function_MR>()
0ABOVW,내일 아침엔 일찍 일어나서 할 일을 빨리 끝내고 싶어,<function_MR>()
0ABOVW,내일은 아침 일찍 일어나서 하루를 길게 써야겠어,<function_MR>()
0ABOVW,여행 가서 먹을 맛집 리스트 만들어놨어,<function_MR>()
0ABOVW,내일은 운동을 꼭 해야겠어 요즘 너무 게을러졌어,<function_MR>()
0ABOVW,새로 산 책이 너무 재밌어서 시간 가는 줄 모르고 읽고 있어,<function_MR>()
0ABOVW,이번 주말에는 오랜만에 친구들이랑 만나서 저녁 먹기로 했어,<function_MR>()
0ABOVW,이번 주에는 운동을 좀 더 자주 해야겠어,<function_MR>()
0ABOVW,주말에 가족들이랑 모임이 있는데 무슨 얘기를 할지 고민이야,<function_MR>()
0ABOVW,이 책 읽어볼까,<function_MR>()
0ABOVW,나서 저녁으로 뭐 먹을까 치킨 아니면 피자,<function_MR>()
0ABOVW,오늘 저녁 메뉴는 뭘로 할까 고민 중이야,<function_MR>()
0ABOVW,주말에 집에서 요리해볼까,<function_MR>()
0ABOVW,이번 주말에는 캠핑을 가볼까 생각 중이야,<function_MR>()
0ABOVW,이번 주에 할 일 많아,<function_MR>()
0ABOVW,영화 다 보고 나서 카페 갈까,<function_MR>()
0ABOVW,요즘에는 뉴스 볼 때마다 걱정되는 일이 많아,<function_MR>()
0ABOVW,국내 여행도 좋은 데가 많아,<function_MR>()
0ABOVW,나서 넌 아침형 인간이야,<function_MR>()
0ABOVW,내일은 아침 일찍 일어나서 운동을 할 계획이야,<function_MR>()
0ABOVW,오랜만에 영화를 보려고 하는데 어떤 영화를 볼지 고민이네,<function_MR>()
0ABOVW,오늘 저녁에는 친구들이랑 만나서 시간을 보낼 예정이야,<function_MR>()
0ABOVW,집에 있는 시간이 많아지니까 집안일을 자꾸 미루게 돼,<function_MR>()
0ABOVW,가장 좋아하는 계절이 뭐야,<function_MR>()
0ABOVW,운동을 하고 나니까 몸이 가벼워진 느낌이 들어,<function_MR>()
0ABOVW,새로운 취미나 기술을 배우는 게 중요해,<function_MR>()
0ABOVW,나서 책을 다 읽었는데 이제 무슨 책을 읽어야 할지 고민이네,<function_MR>()
0ABOVW,이번 주말에 같이 요리할래,<function_MR>()
0ABOVW,새로 산 이어폰이 너무 좋아서 음악 듣는 게 더 즐거워졌어,<function_MR>()
0ABOVW,주말에는 집안 청소를 해야 할 것 같은데 어디서부터 시작할지 고민이야,<function_MR>()
0ABOVW,요즘 스트레스를 많이 받아서 운동을 시작해볼까,<function_MR>()
0ABOVW,조깅하러 나갈까,<function_MR>()
0ABOVW,방 청소를 하려고 했는데 시작도 안 했어,<function_MR>()
0ABOVW,이거 어떻게 사용하는 거지,<function_MR>()
0ABOVW,주말에 뭐 할지 아직 정하지 못했어 그냥 집에 있을까 생각 중이야,<function_MR>()
0ABOVW,연동이 꺼져 있는 상태인지 확인해주실래요 이번 주말에는 뭘 할까 미리 계획을 세워야겠어,<function_MR>()
0ABOVW,내일 아침에는 일찍 일어나서 운동을 할 계획이야,<function_MR>()
0ABOVW,새로운 취미를 찾고 싶어 뭐가 좋을까,<function_MR>()
0ABOVW,내일은 친구랑 점심을 먹으면서 시간을 보낼 예정이야,<function_MR>()
0ABOVW,다음 주에는 조금 더 부지런하게 지내야겠다고 결심했어,<function_MR>()
0ABOVW,이번 달은 너무 정신없이 바빴어서 여유 시간이 거의 없었어,<function_MR>()
0ABOVW,아침에 일어나서 바로 운동하는 게 참 어렵네,<function_MR>()
0ABOVW,새로운 노트북을 살까 말까 고민 중이야,<function_MR>()
0ABOVW,책상 정리해야겠어,<function_MR>()
0ABOVW,새로 나온 드라마가 인기가 많아서 한번 봐야겠어,<function_MR>()
0ABOVW,저녁으로 뭘 먹어야 할지 아직도 결정 못 했어,<function_MR>()
0ABOVW,주말에 시간 있어,<function_MR>()
0ABOVW,내일 아침은 뭐 먹지 오랜만에 빵을 먹을까,<function_MR>()
0ABOVW,디저트로 케이크 어때,<function_MR>()
0ABOVW,잠이 안 와서 유튜브를 계속 보고 있어,<function_MR>()
0ABOVW,다음 주에는 새로운 취미를 시작해볼까 고민 중이야,<function_MR>()
0ABOVW,커피를 너무 많이 마셔서 잠이 안 온다,<function_MR>()
0ABOVW,이번 주말에는 가족들이랑 오랜만에 외식이나 할까 생각 중이야,<function_MR>()
0ABOVW,친구랑 같이 새로운 요리를 해보고 싶은데 뭐가 좋을까,<function_MR>()
0ABOVW,오늘 하루 종일 아무것도 안 했는데 시간은 왜 이렇게 빨리 갔지,<function_MR>()
0ABOVW,이번 주말에 계획 있어,<function_MR>()
0ABOVW,주말에 친구들이랑 만나서 뭐 할지 아직도 결정 못 했어,<function_MR>()
0ABOVW,저녁에 뭐 먹을지 아직 결정 못했어 빨리 정해야겠어,<function_MR>()
0ABOVW,이번 주말에는 오랜만에 친구들이랑 만나서,<function_MR>()
0ABOVW,새로 시작한 취미가 너무 재밌어서 시간 가는 줄 모르겠어,<function_MR>()
0ABOVW,친구랑 여행 계획 짜고 있어,<function_MR>()
0ABOVW,내일은 아침에 일찍 일어나서 운동해야지,<function_MR>()
0ABOVW,이번 주말엔 집 청소를 제대로 한번 해볼까 생각 중이야,<function_MR>()
0ABOVW,오늘은 하루 종일 바빴는데 이제야 좀 쉬는 시간이 생겼어,<function_MR>()
0ABOVW,나서 점심으로 먹은 음식이 너무 맛있어서 먹고 싶어,<function_MR>()
0ABOVW,여행 갈 때 꼭 챙기는 물건이 있어,<function_MR>()
0ABOVW,새로 산 책을 읽고 있는데 내용이 너무 흥미로워,<function_MR>()
0ABOVW,이번에 새로 나온 음식을 먹어보고 싶은데 어디서 먹을지 고민이야,<function_MR>()
0ABOVW,오늘은 일찍 자고 내일은 일찍 일어나야지,<function_MR>()
0ABOVW,긴장을 풀기 좋은 방법이 뭐야,<function_MR>()
0ABOVW,이번 주에 등산 가볼래,<function_MR>()
0ABOVW,이번 주말에는 뭔가 특별한 계획을 세우고 싶어,<function_MR>()
0ABOVW,아침 뭐 먹었어,<function_MR>()
0ABOVW,이번 주말에는 가족들이랑 오랜만에 외식을 하려고 해,<function_MR>()
0ABOVW,운동할 때 어떤 음악 듣니,<function_MR>()
0ABOVW,요리를 잘 하니,<function_MR>()
0ABOVW,이번 여름엔 해변에서 놀자,<function_MR>()
0ABOVW,이번 주말엔 영화관에 가서 영화 한 편 볼까 생각 중이야,<function_MR>()
0ABOVW,오늘은 일찍 자야겠어 내일 아침에 일찍 일어나야 하거든,<function_MR>()
0ABOVW,요즘 스트레스가 너무 많이 쌓였어 어떻게 풀어야 할지 모르겠어,<function_MR>()
0ABOVW,이 옷 어때 괜찮아 보여,<function_MR>()
0ABOVW,친구랑 약속이 있었는데 갑자기 일이 생겨서 취소됐어,<function_MR>()
0ABOVW,퇴근 후에 뭐 할 계획이야,<function_MR>()
0ABOVW,최신 영화 리뷰 읽어봤어,<function_MR>()
0ABOVW,요즘 책을 많이 읽고 있는데 재밌는 소설 추천해줄래,<function_MR>()
0ABOVW,내일 비 온대,<function_MR>()
0ABOVW,새로 배운 운동이 있어,<function_MR>()
0ABOVW,이 식당 추천해줄래,<function_MR>()
0ABOVW,최신 개봉 영화 정보 좀 찾아볼까,<function_MR>()
0ABOVW,냉장고에 있는 재료들로 뭘 만들어 먹을 수 있을까,<function_MR>()
0ABOVW,온라인 수업 듣는 게 어때,<function_MR>()
0ABOVW,영화 예매는 했어,<function_MR>()
0ABOVW,새로 나온 레스토랑 메뉴가 맛있어 보이던데 언제 가볼까,<function_MR>()
0ABOVW,우리 고양이 너무 귀엽지 않아,<function_MR>()
0ABOVW,요즘 인기 많은 아이템 뭐야,<function_MR>()
0ABOVW,저녁에 뭐 먹을지 고민되는데 중국음식도 좋을 것 같아,<function_MR>()
0ABOVW,오늘 무슨 일 있었어,<function_MR>()
0ABOVW,이번 주말에는 무슨 영화가 개봉하는지 한번 찾아봐야겠어,<function_MR>()
0ABOVW,좋아하는 영화 장르가 뭐야,<function_MR>()
0ABOVW,다음 주에 새로운 프로젝트를 시작하는데 준비가 잘 될까 걱정이야,<function_MR>()
0ABOVW,이번 주말엔 뭐할 거야,<function_MR>()
0ABOVW,요즘 무슨 음악 들어,<function_MR>()
0ABOVW,오늘 뭐할 계획이야,<function_MR>()
0ABOVW,나서 이 가수 노래 엄청 좋더라,<function_MR>()
0ABOVW,음식을 만드는 게 정말 즐거워,<function_MR>()
0ABOVW,이번 주말에 새로운 식당을 찾아가볼까 고민 중이야,<function_MR>()
0ABOVW,디카페인 커피는 의미 없다고 생각해,<function_MR>()
0ABOVW,오늘은 왠지 하루가 길게 느껴지네,<function_MR>()
0ABOVW,내일 뭐해,<function_MR>()
0ABOVW,친구랑 같은 영화 보고 싶어,<function_MR>()
0ABOVW,점심 먹고 나니까,<function_MR>()
0ABOVW,헬스장 가는 거 어때,<function_MR>()
0ABOVW,오늘 하루는 그냥 푹 쉬면서 책이나 읽을까 생각 중이야,<function_MR>()
0ABOVW,다음 주에 중요한 발표가 있어,<function_MR>()
0ABOVW,오늘 하루종일 집에 있었더니,<function_MR>()
0ABOVW,요즘 운동을 시작했는데 근육통이 너무 심해,<function_MR>()
0ABOVW,이번 주말에는 가족들이랑 외식하기로 했어 오랜만이야,<function_MR>()
0ABOVW,새로 산 책을 읽고 있는데 너무 재미있어 시간 가는 줄 모르겠어,<function_MR>()
0ABOVW,너희 집 근처에 맛있는 식당 있어,<function_MR>()
0ABOVW,이번 주말에는 가족들과 함께 등산을 가기로 했어,<function_MR>()
0ABOVW,오늘 저녁에는 가볍게 산책을 하면서 시간을 보낼 예정이야,<function_MR>()
0ABOVW,이번 주말에는 친구랑 등산가기로 했어요,<function_MR>()
0ABOVW,오늘 저녁은 뭘 먹어야 할지 고민 중이야 뭐가 좋을까,<function_MR>()
0ABOVW,오늘 하루 종일 바빴는데 이제야 좀 쉬는 시간이 생겼어,<function_MR>()
0ABOVW,새로운 음악을 찾아 듣는 게 요즘 내 소소한 즐거움이야,<function_MR>()
0ABOVW,내일은 아침 일찍 친구랑 만나서 시간을 보낼 예정이야,<function_MR>()
0ABOVW,내일은 아침부터 중요한 미팅이 있어서 조금 긴장되네,<function_MR>()
0ABOVW,내일은 꼭 일찍 일어나서 하루를 시작해야지,<function_MR>()
0ABOVW,내일은 아침 일찍 일어나서 산책을 나가보려고 해,<function_MR>()
0ABOVW,오늘은 가볍게 책을 읽으면서 시간을 보내고 있어,<function_MR>()
0ABOVW,주말에 같이 운동할 사람 구하는데 누구 같이 할래,<function_MR>()
0ABOVW,이번 주말에는 뭘 할까 새로운 계획을 세워봐야겠어,<function_MR>()
0ABOVW,요가 수업 들어본 적 있어,<function_MR>()
0ABOVW,오늘은 집에서 쉬면서 책을 읽으려고 해,<function_MR>()
0ABOVW,나서 오늘 뭐 먹을 거야,<function_MR>()
0ABOVW,이번 주말에는 영화를 보러 가기로 했는데 기대 중이야,<function_MR>()
0ABOVW,오늘 하루 정말 바쁘게 보냈는데 왜 이렇게 시간이 안 갔지,<function_MR>()
0ABOVW,새로 산 책이 너무 재밌어서 시간이 금방 지나갔어,<function_MR>()
0ABOVW,새 앨범 들어봤어,<function_MR>()
0ABOVW,오랜만에 운동을 했더니 온몸이 뻐근해 꾸준히 해야겠어,<function_MR>()
0ABOVW,집에서 쉬는 것도 좋지만 가끔은 밖에 나가는 것도 필요한 것 같아,<function_MR>()
0ABOVW,내일 아침에 일찍 일어나서 산책을 나가볼까 생각 중이야,<function_MR>()
0ABOVW,요즘 들어 스트레스를 많이 받아서 운동을 시작했어,<function_MR>()
0ABOVW,새로 시작한 운동이 너무 힘들어서 포기할까 고민 중이야,<function_MR>()
0ABOVW,새로 생긴 카페에 가봤어,<function_MR>()
0ABOVW,내일 비 올까,<function_MR>()
0ABOVW,새로운 취미를 찾고 싶어 요즘 뭔가 색다른 걸 해보고 싶어,<function_MR>()
0ABOVW,아침에 일찍 일어나서 운동하는 게 생각보다 힘들지 않더라,<function_MR>()
0ABOVW,내일 비 온다던데,<function_MR>()
0ABOVW,오늘 하루가 정말 길었어 이제 좀 쉬고 싶어,<function_MR>()
0ABOVW,저는 한국 역사에 관심이 많아요,<function_MR>()
0ABOVW,짖궃다는 치읕 받침이야, 아니면 디귿 받침이야,<function_MR>()
0ABOVW,주말에는 친구들이랑 영화 한 편 볼까 생각 중이야,<function_MR>()
0ABOVW,이번에 새로 나온 스마트폰이 정말 좋다는데 살까 말까 고민이야,<function_MR>()
0ABOVW,오늘은 그냥 푹 쉬고 싶어 아무것도 하지 않는 하루가 필요해,<function_MR>()
0ABOVW,요즘 경제 상황이 좀 걱정 돼,<function_MR>()
0ABOVW,내일은 아침 일찍 일어나서 하루를 길게 써볼까 생각 중이야,<function_MR>()
0ABOVW,넌 아침형 인간이야,<function_MR>()
0ABOVW,새로 산 책을 읽고 있는데 너무 재미있어,<function_MR>()
0ABOVW,내일 아침에 일찍 일어나서,<function_MR>()
0ABOVW,새로운 레스토랑이 생겼던데 다음 주말에 가보자,<function_MR>()
0ABOVW,저는 베이킹을 좋아해요,<function_MR>()
0ABOVW,집에서 영화 보는 게 좋아,<function_MR>()
0ABOVW,다음 달에 있을 중요한 시험을 준비해야 할 것 같아,<function_MR>()
0ABOVW,저녁 먹고 산책 나갈까,<function_MR>()
0ABOVW,내일은 조금 더 생산적인 하루를 보내야겠어,<function_MR>()
0ABOVW,이번 주말에 공부할 계획 있어,<function_MR>()
0ABOVW,이번에 무슨 브랜드를 살까 고민 중이야,<function_MR>()
0ABOVW,오랜만에 가족들이랑 시간을 보내니까 정말 좋았어,<function_MR>()
0ABOVW,다음 달에 있을 모임 준비를 미리 해둬야겠어,<function_MR>()
0ABOVW,새로 시작한 드라마가 너무 재밌어서 시간 가는 줄 몰랐어,<function_MR>()
0ABOVW,이번 주말에는 집에서 요리해보는 것도 좋을 것 같아,<function_MR>()
0ABOVW,다음 주에는 더 열심히 일해야겠어,<function_MR>()
0ABOVW,뭐 마실래,<function_MR>()
0ABOVW,오늘은 무슨 일을 해야 할지 모르겠어 그냥 쉬고 싶어,<function_MR>()
0ABOVW,이 영화 재밌을까,<function_MR>()
0ABOVW,이번 주말에는 오랜만에 친구들이랑 만나기로 했어,<function_MR>()
0ABOVW,어제 저녁에 먹었던 음식이 너무 맛있어서 오늘도 먹고 싶어,<function_MR>()
0ABOVW,점심 먹었어,<function_MR>()
0ABOVW,오늘 하루는 너무 바빠서 이제 좀 쉬고 싶어,<function_MR>()
0ABOVW,오늘 저녁에는 친구들과 만나서 시간을 보내기로 했어,<function_MR>()
0ABOVW,내일은 꼭 일찍 일어나서 할 일을 빨리 끝내야겠어,<function_MR>()
0ABOVW,오늘 하루는 너무 바빴어 이제 좀 쉬고 싶어,<function_MR>()
0ABOVW,반려동물을 키우고 싶어,<function_MR>()
0ABOVW,내일은 뭘 해야 할지 아직 결정하지 못했어,<function_MR>()
0ABOVW,이번 주말에는 뭐 하고 놀까 새로운 카페나 가볼까,<function_MR>()
0ABOVW,이번 주말에는 뭐 할까 오랜만에 친구들과 시간을 보내고 싶어,<function_MR>()
0ABOVW,새로 배운 기술 있으면 공유해줄래,<function_MR>()
0ABOVW,주말에는 친구들이랑 오랜만에 만나기로 했어 기대 돼,<function_MR>()
0ABOVW,내일은 친구들이랑 만나서 저녁을 먹기로 했어,<function_MR>()
0ABOVW,좋아하는 취미 활동이 뭐야,<function_MR>()
0ABOVW,나서 오늘 무슨 계획 있어,<function_MR>()
0ABOVW,나서 국내 여행도 좋은 데가 많아,<function_MR>()
0ABOVW,출근하기 싫어,<function_MR>()
0ABOVW,내일 아침에 일어나야 돼,<function_MR>()
0ABOVW,이번 주말엔 그냥 집에서 푹 쉬어야겠어,<function_MR>()
0ABOVW,이번 주말에는 가족들이랑 시간을 보내려고 해 오랜만이야,<function_MR>()
0ABOVW,다음 주에는 조금 더 부지런히 시간을 보내야겠어,<function_MR>()
0ABOVW,내일은 아침 일찍 일어나서 산책을 나가볼까 고민 중이야,<function_MR>()
0ABOVW,나서 오늘은 하루 종일 비가 와서 기분이 축 처지네,<function_MR>()
0ABOVW,내일은 친구들이랑 만날 예정이라 기대 돼,<function_MR>()
0ABOVW,내일은 집에서 요리나 해볼까 싶어,<function_MR>()
0ABOVW,어른이 되고 나서 친구 사귀기가 어렵지 않아,<function_MR>()
0ABOVW,내일 아침에는 일찍 일어나서 독서를 할 계획이야,<function_MR>()
0ABOVW,새로 산 가방 마음에 들어,<function_MR>()
0ABOVW,주말에 친구들이랑 모임을 가질 예정인데 뭘 입고 갈지 고민이야,<function_MR>()
0ABOVW,매일 아침 산책하는 게 습관이 됐어,<function_MR>()
0ABOVW,이번에 새로 배운 취미 있어,<function_MR>()
0ABOVW,겨울 여행지 추천해줘,<function_MR>()
0ABOVW,하나의 미래 기술을 지금 가질 수 있다면 뭘 원해,<function_MR>()
0ABOVW,이번에 새로 나온 카메라가 정말 좋아 보이는데 살까 말까,<function_MR>()
0ABOVW,이번 주말에는 캠핑을 가기로 했는데 기대 돼,<function_MR>()
0ABOVW,이번 주말 계획 말해줄래,<function_MR>()
0ABOVW,책을 다 읽었는데 이제 무슨 책을 읽어야 할지 고민이네,<function_MR>()
0ABOVW,이번 주에는 조금 더 계획적으로 살아야겠어,<function_MR>()
0ABOVW,이번 주에는 할 일이 많아서 조금 더 부지런히 보내야겠어,<function_MR>()
0ABOVW,테일러 스위프트 노래 자주 들어,<function_MR>()
0ABOVW,오늘 저녁에 뭐 먹을지 고민 중인데 뭘 먹을까,<function_MR>()
0ABOVW,오늘 아침 뭐 먹었어,<function_MR>()
0ABOVW,요즘 인기 많은 드라마 뭐야,<function_MR>()
0ABOVW,이사 왔는데 친구를 어떻게 사귀어야 할까,<function_MR>()
0ABOVW,오늘 일찍 퇴근할 거야,<function_MR>()
0ABOVW,이번 주말에는 오랜만에 가족들과 시간을 보내기로 했어,<function_MR>()
0ABOVW,오늘 하루는 정말 바빴어 이제 좀 쉬고 싶어,<function_MR>()
0ABOVW,오늘 저녁에는 간단하게 파스타나 만들어볼까 생각 중이야,<function_MR>()
0ABOVW,이 책 재미있어 보여,<function_MR>()
0ABOVW,내일 만나자,<function_MR>()
0ABOVW,새로 시작한 프로젝트가 생각보다 어려워서 스트레스를 많이 받아,<function_MR>()
0ABOVW,다음 주말에는 친구들과 함께 시간을 보내,<function_MR>()
0ABOVW,이번 영화 기대 돼,<function_MR>()
0ABOVW,이번에 새로 나온 스마트폰이 정말 좋다는데 살까 말까,<function_MR>()
0ABOVW,선호하는 운동이 있어,<function_MR>()
0ABOVW,이번 주에는 운동을 좀 더 열심히 해서 몸을 건강하게 만들어야겠어,<function_MR>()
0ABOVW,다음 달에 중요한 발표가 있어서 준비를 열심히 하고 있어,<function_MR>()
0ABOVW,저녁에 뭐할까,<function_MR>()
0ABOVW,다음 달에 친구들과 여행을 가기로 했는데 기대 돼,<function_MR>()
0ABOVW,내일은 친구들이랑 만날 계획인데 어디서 만나야 할지 고민이네,<function_MR>()
0ABOVW,일주일 중 가장 좋아하는 날이 언제야,<function_MR>()
0ABOVW,새로 나온 카페가 분위기가 좋아서 가보고 싶어,<function_MR>()
0ABOVW,이번에 새로 산 신발이 너무 편해서 매일 신고 다니고 있어,<function_MR>()
0ABOVW,여기 와본 적 있어,<function_MR>()
0ABOVW,점심 같이 먹을래,<function_MR>()
0ABOVW,다음 달에 있을 중요한 시험 준비로 바빠,<function_MR>()
0ABOVW,다음 주에는 조금 더 부지런하게 보내야겠어 할 일이 많아,<function_MR>()
0ABOVW,다음 주에 있을 모임 준비를 미리 해두는 게 좋겠지,<function_MR>()
0ABOVW,다음 주에 친구들이랑 모임이 있는데 뭐 입고 갈지 고민이야,<function_MR>()
0ABOVW,새로운 책을 시작했는데 너무 재밌어서 시간 가는 줄 모르겠어,<function_MR>()
0ABOVW,요즘 스트레스를 너무 많이 받아서 어떻게 풀어야 할지 모르겠어,<function_MR>()
0ABOVW,주말에 뭐 할거야,<function_MR>()
0ABOVW,집에 먹을 게 하나도 없어서 편의점 가려고,<function_MR>()
0ABOVW,어제 본 영화가 정말 감동적이었어 추천해줄게,<function_MR>()
0ABOVW,요즘 뭐 공부하고 있어,<function_MR>()
0ABOVW,이번 주말에 뭐 할래,<function_MR>()
0ABOVW,새로 나온 노트북이 성능이 좋다고 하던데 한번 알아봐야겠어,<function_MR>()
0ABOVW,이번 주에는 좀 더 부지런히 살아야겠다는 생각이 들어,<function_MR>()
0ABOVW,다음 주말에는 친구들과 캠핑을 가기로 했어 기대 돼,<function_MR>()
0ABOVW,오늘 저녁은 뭘 먹을지 고민이야 배는 고픈데 딱히 땡기는 게 없어,<function_MR>()
0ABOVW,집에 있는 시간이 많아지니까 뭘 해야 할지 모르겠어,<function_MR>()
0ABOVW,오늘은 친구들이랑 만나서 시간을 보내려고 해,<function_MR>()
0ABOVW,친구와 함께 요리하는 걸 좋아해,<function_MR>()
0ABOVW,학교 숙제가 너무 많아,<function_MR>()
0ABOVW,캠핑 한번 해보고 싶어,<function_MR>()
0ABOVW,다음 주에 중요한 미팅이 있어서 준비를 철저히 해야 해,<function_MR>()
0ABOVW,쇼핑할 때 뭘 제일 많이 사,<function_MR>()
0ABOVW,클래식 음악 들으면 마음이 편해져,<function_MR>()
0ABOVW,이번 주말에는 집에서 영화를 몰아서 보려고 해,<function_MR>()
0ABOVW,요즘 뭐가 제일 재밌어,<function_MR>()
0ABOVW,다음 주에는 운동을 조금 더 열심히 해볼까 생각 중이야,<function_MR>()
0ABOVW,요즘 할인하는 상품 많더라,<function_MR>()
0ABOVW,커피 대신 차를 마셔볼까,<function_MR>()
0ABOVW,내일 아침에는 일찍 일어나서 독서를 할까 생각 중이야,<function_MR>()
0ABOVW,새로 나온 게임이 화제라는데 해볼까 고민 중이야,<function_MR>()
0ABOVW,대기질을 화면에 보여줘 어제 본 영화가 정말 감동적이었어 추천해줄게,<function_MR>()
0ABOVW,오늘 하루종일 비가 와서 기분이 가라앉아 있었어,<function_MR>()
0ABOVW,기타 치는 걸 배우고 있어요,<function_MR>()
0ABOVW,오늘 밤에 뭐 할 계획이야,<function_MR>()
0ABOVW,미세먼지 농도 알려줘 이번 주말에는 오랜만에 영화를 보러 가려고 해,<function_MR>()
0ABOVW,주말엔 뭐 할거야,<function_MR>()
0ABOVW,할인 쿠폰 받았어,<function_MR>()
0ABOVW,이번 주에는 운동을 좀 더 열심히 해야겠어 체력이 필요해,<function_MR>()
0ABOVW,이 책 읽어볼래,<function_MR>()
0ABOVW,새로 산 옷이 너무 마음에 들어서 자주 입고 있어,<function_MR>()
0ABOVW,이번 주말에는 영화관에 가서 보고 싶은 영화를 보려고 해,<function_MR>()
0ABOVW,새로 시작한 드라마가 너무 재밌어서 시간 가는 줄 모르겠어,<function_MR>()
0ABOVW,오랜만에 영화를 한 편 봤는데 정말 감동적이었어,<function_MR>()
0ABOVW,이번에 새로 나온 전자제품 리뷰를 봤는데 괜찮더라,<function_MR>()
0ABOVW,요즘 들어서 잠이 잘 안 와서 수면 패턴을 바꿔야 할 것 같아,<function_MR>()
0ABOVW,하나의 영화만 평생 볼 수 있다면 뭘 선택할 거야,<function_MR>()
0ABOVW,새로운 취미를 찾아봐야겠어,<function_MR>()
0ABOVW,이번 주말에는 무슨 요리를 해볼까 생각 중이야,<function_MR>()
0ABOVW,이번 주말에는 뭘 해야 할지 고민 중이야 계획을 세워야겠어,<function_MR>()
0ABOVW,만약 한 명의 유명인과 저녁을 먹을 수 있다면 누구를 선택할 거야,<function_MR>()
0ABOVW,커피 없으면 하루 시작하기 힘들지 않아,<function_MR>()
0ABOVW,나서 저녁으로 뭘 먹을지 아직도 고민 중이야 빨리 결정해야겠어,<function_MR>()
0ABOVW,다음 주에 있을 중요한 발표를 준비 중이야,<function_MR>()
0ABOVW,가볍게 웃을 수 있는 영화 추천해 줄래,<function_MR>()
0ABOVW,라이언 레이놀즈에 대해서 어떻게 생각해,<function_MR>()
0ABOVW,저녁으로 뭐 먹을까 치킨 아니면 피자,<function_MR>()
0ABOVW,새로 산 책을 읽고 있는데 내용이 되게 흥미로워,<function_MR>()
0ABOVW,새로 나온 스마트폰이 되게 좋아 보이더라,<function_MR>()
0ABOVW,자주는 아니어도 가끔 케이크를 구워요,<function_MR>()
0ABOVW,오늘은 산책을 하면서 기분을 전환해야겠어,<function_MR>()
0ABOVW,오늘 커피 한 잔 할까,<function_MR>()
0ABOVW,점심에 뭐 먹을지 고민 중이야,<function_MR>()
0ABOVW,이 책 다 읽었어,<function_MR>()
0ABOVW,내일은 운동을 좀 더 열심히 해야겠어 요즘 너무 게을러진 것 같아,<function_MR>()
0ABOVW,주말에 만날까,<function_MR>()
0ABOVW,운동하러 갈 거야,<function_MR>()
0ABOVW,오늘은 국물 요리가 땡긴다,<function_MR>()
0ABOVW,오늘 하루 종일 컴퓨터 앞에서 일했더니 눈이 너무 피로해,<function_MR>()
0ABOVW,옛날 영화가 더 좋아,<function_MR>()
0ABOVW,자기 전에 잠깐 책이나 읽을까 싶어,<function_MR>()
0ABOVW,새로 시작한 드라마가 정말 재밌어 다음 화가 너무 기대 돼,<function_MR>()
0ABOVW,책상 정리 좀 해야겠어,<function_MR>()
0ABOVW,이번 주말에는 캠핑을 가기로 했어 기대 돼,<function_MR>()
0ABOVW,오늘 저녁에는 가족들이랑 함께 시간을 보내기로 했어,<function_MR>()
0ABOVW,새로 나온 노래가 정말 좋더라 계속 듣고 있어,<function_MR>()
0ABOVW,이 영화 진짜 재밌어,<function_MR>()
0ABOVW,이번에 새로 나온 스마트폰이 정말 좋다는데 살까 말까 고민이네,<function_MR>()
0ABOVW,콘서트 티켓 구했어,<function_MR>()
0ABOVW,이거 어떻게 사용하는 거야,<function_MR>()
0ABOVW,이번 주말에는 무슨 영화를 볼지 미리 계획을 세워야겠어,<function_MR>()
0ABOVW,요즘 무슨 책 읽어,<function_MR>()
0ABOVW,요즘 들어서 스트레스를 많이 받는 것 같아 좀 쉬어야겠어,<function_MR>()
0ABOVW,오랜만에 운동을 시작했더니 몸이 좀 뻐근해,<function_MR>()
0ABOVW,드라마 마라톤 해본 적 있어,<function_MR>()
0ABOVW,여름에는 어디로 휴가 가,<function_MR>()
0ABOVW,내일은 아침 일찍 산책할 계획이야,<function_MR>()
0ABOVW,저녁에는 뭘 해야 시간도 잘 가고 의미 있을까 고민 중이야,<function_MR>()
0ABOVW,오늘도 집에서 혼자 시간을 보내는데 조금 외로운 것 같아,<function_MR>()
0ABOVW,이번 주말에는 친구들과 함께 시간을 보낼 계획이야,<function_MR>()
0ABOVW,주말에 뭐 할지 아직도 결정을 못 했어 그냥 집에 있을까,<function_MR>()
0ABOVW,운동할 때 어떤 음악 들어,<function_MR>()
0ABOVW,이거 어떻게 생각해,<function_MR>()
0ABOVW,주말에 뭐 할지 아직 정하지 못했어 그냥 집에 있을까,<function_MR>()
0ABOVW,가장 기억에 남는 여행지는 어디야,<function_MR>()
0ABOVW,다음 주에 있을 약속이 취소돼서 다른 계획을 세워야겠어,<function_MR>()
0ABOVW,피아노 연습 많이 했어,<function_MR>()
0ABOVW,디저트 카페 추천해줄 수 있어,<function_MR>()
0ABOVW,오랜만에 자전거 타고 한강에 가볼까 생각 중이야,<function_MR>()
0ABOVW,오늘 하루 종일 바빴어,<function_MR>()
0ABOVW,이 식당 가봤어,<function_MR>()
0ABOVW,뭐 할지 정했어,<function_MR>()
0ABOVW,나서 자기계발서 추천해줄래,<function_MR>()
0ABOVW,요즘 쇼핑몰에 사람이 많아,<function_MR>()
0ABOVW,지금 보고 있는 드라마는 뭐야,<function_MR>()
0ABOVW,어제 저녁에 먹었던 음식이 너무 맛있어서 오늘도 먹고 싶어,<function_MR>()
0ABOVW,건강을 위해 뭐 하고 있어,<function_MR>()
0ABOVW,이번 주말에는 무슨 영화를 볼지 고민 중이야,<function_MR>()
0ABOVW,오늘은 가볍게 산책을 하면서 기분 전환을 해야겠어,<function_MR>()
0ABOVW,이번 주말에는 가족들이랑 외식하기로 했어 기대 돼,<function_MR>()
0ABOVW,나서 이번 주말에 공부할 계획 있어,<function_MR>()
0ABOVW,알려줘 매일 운동하려고 노력 중이야,<function_MR>()
0ABOVW,책을 다 읽고 나니까,<function_MR>()
0ABOVW,오늘 저녁에는 가족들과 함께 저녁을 먹으러 갈 계획이야,<function_MR>()
0ABOVW,요즘 무슨 책 읽고 있어,<function_MR>()
0ABOVW,나서 새로 산 운동화가 너무 편해서 자꾸 신고 나가고 싶어,<function_MR>()
0ABOVW,다음 달에 있을 중요한 시험을 준비 중이야,<function_MR>()
0ABOVW,놀러 갈 만한 곳 추천해줄래,<function_MR>()
0ABOVW,새로 나온 제품 리뷰 봤어,<function_MR>()
0ABOVW,오늘 하루가 너무 길었어 이제 좀 쉬어야겠어,<function_MR>()
0ABOVW,요즘 코로나 때문에 걱정이 많아,<function_MR>()
0ABOVW,볼만한 영화 하나 추천해,<function_MR>()
0ABOVW,새로운 취미를 찾고 싶어서 뭘 배워볼까 생각 중이야,<function_MR>()
0ABOVW,다음 주에는 더 열심히 일을 해야겠어 할 일이 많아,<function_MR>()
0ABOVW,다음 주에 친구들이랑 캠핑 가는데 장비 챙길 게 많아,<function_MR>()
0ABOVW,오늘 하루는 정말 고단했어 이젠 푹 쉬고 싶어,<function_MR>()
0ABOVW,운동 갔다 왔어,<function_MR>()
0ABOVW,내일은 조금 일찍 일어나서 책도 좀 읽고 운동도 해야지,<function_MR>()
0ABOVW,저는 전시회를 자주 가요,<function_MR>()
0ABOVW,주말에 여행 가고 싶다,<function_MR>()
0ABOVW,드라마에서 나오는 음악도 좋더라,<function_MR>()
0ABOVW,새로 나온 드라마가 너무 재밌어서 시간 가는 줄 모르겠어,<function_MR>()
0ABOVW,뭐 좀 추천해줄 수 있어,<function_MR>()
0ABOVW,커피 메뉴 하나 정해놓고 먹어, 아니면 매번 바꿔,<function_MR>()
0ABOVW,이번 주말에는 가족들이랑 외식하기로 했어 기대 돼,<function_MR>()
0ABOVW,저녁에 뭘 먹을지 아직도 고민 중이야 뭘 먹을까,<function_MR>()
0ABOVW,이번 주말에 뭐할 계획이야,<function_MR>()
0ABOVW,운동을 더 열심히 해야겠어 요즘 체력이 너무 떨어진 것 같아,<function_MR>()
0ABOVW,점심 먹고 나니까 갑자기 너무 졸리네 잠깐 낮잠이라도 자야겠어,<function_MR>()
0ABOVW,오늘 점심은 파스타 어때,<function_MR>()
0ABOVW,내일은 친구들과 함께 저녁을 먹으러 갈 예정이야,<function_MR>()
0ABOVW,다음 주에는 가족들이랑 오랜만에 시간을 보내려고 해,<function_MR>()
0ABOVW,집에 있는 시간이 많아지니까,<function_MR>()
0ABOVW,커피 한 잔 하면서 얘기 나눌래,<function_MR>()
0ABOVW,다음 주말에는 가족들과 함께 등산을 가기로 했어,<function_MR>()
0ABOVW,점심으로 먹은 음식이 너무 맛있어서 저녁에도 먹고 싶어,<function_MR>()
0ABOVW,친구들과 함께 한 주말이 정말 즐거웠어 다시 만나고 싶다,<function_MR>()
0ABOVW,영화 볼래,<function_MR>()
0ABOVW,러닝하러 나가자,<function_MR>()
0ABOVW,봄이 되면 꽃이 피는 게 정말 예뻐,<function_MR>()
0ABOVW,이번에 새로 산 신발이 정말 편하더라,<function_MR>()
0ABOVW,시간 있을 때 뭐해,<function_MR>()
0ABOVW,이번 주말에는 영화를 한 편 보려고 해,<function_MR>()
0ABOVW,키아누 리브스가 기부를 많이 하는 거 알고 있었어,<function_MR>()
0ABOVW,요즘 무슨 드라마 봐,<function_MR>()
0ABOVW,볼만한 영화 하나 추천해 줄 수 있어,<function_MR>()
0ABOVW,운동 계획 세워야겠어,<function_MR>()
0ABOVW,뭐 도와줄까,<function_MR>()
0ABOVW,오늘 저녁에 뭐 먹을지 고민 중이야 뭐가 좋을까,<function_MR>()
0ABOVW,일찍 자고 일찍 일어나기 힘들어,<function_MR>()
0ABOVW,매일 운동하기가 쉽지 않네,<function_MR>()
0ABOVW,헬스장 가는 거 어때,<function_MR>()
0ABOVW,이거 정말 멋지다,<function_MR>()
0ABOVW,친구랑 친해지는 데 시간이 걸린다고 생각해,<function_MR>()
0ABOVW,커피 대신 차를 마셔볼까 요즘 카페인 너무 많이 먹는 것 같아,<function_MR>()
0ABOVW,아침에 일찍 일어나니까 하루가 길어진 느낌이야,<function_MR>()
0ABOVW,주말에는 특별한 계획이 없어서 그냥 집에서 쉴까 생각 중이야,<function_MR>()
0ABOVW,이 영화 추천해줄래,<function_MR>()
0ABOVW,음악 들으면서 힐링하고 있어,<function_MR>()
0ABOVW,다음 달에 있을 중요한 회의를 준비 중이야,<function_MR>()
0ABOVW,커피 마실 때 보통 어떻게 마셔,<function_MR>()
0ABOVW,취미로 요리하는 거 어때,<function_MR>()
0ABOVW,내일 중요한 일이 있는데 잘할 수 있을지 걱정 돼,<function_MR>()
0ABOVW,다음 주에는 중요한 미팅이 있어서 준비를 해야 해,<function_MR>()
0ABOVW,내일 아침에는 산책을 나가볼까 고민 중이야,<function_MR>()
0ABOVW,여행지 추천해줄 수 있어,<function_MR>()
0ABOVW,지금 가장 하고 싶은 일이 뭐야,<function_MR>()
0ABOVW,어디로 여행 가고 싶어,<function_MR>()
0ABOVW,이번에 새로 나온 스마트폰이 정말 좋다는데 고민이야,<function_MR>()
0ABOVW,이번 주에 할 일이 많아,<function_MR>()
0ABOVW,알려줘 오랜만에 달리기라도 좀 해볼까 싶어,<function_MR>()
0ABOVW,이 드라마 진짜 감동적이었어,<function_MR>()
0ABOVW,내일 뭐 할거야,<function_MR>()
0ABOVW,점심으로 먹은 음식이 너무 맛있어서 먹고 싶어,<function_MR>()
0ABOVW,책 추천해줄래,<function_MR>()
0ABOVW,오늘 점심으로 뭐 먹을지 고민이야 너무 배고파,<function_MR>()
0ABOVW,이번 주말에는 책을 읽으면서 시간을 보내고 싶어,<function_MR>()
0ABOVW,드라마 다시 보기 할까 고민 중이야,<function_MR>()
0ABOVW,오늘 저녁에는 친구들과 함께 저녁을 먹기로 했어,<function_MR>()
0ABOVW,이번 달은 너무 바빠서 뭔가를 계획하기가 어려웠어,<function_MR>()
0ABOVW,이번 달은 정신없이 바빠서 계획을 세우기가 어렵네,<function_MR>()
0ABOVW,오늘 저녁엔 뭘 만들어볼까,<function_MR>()
0ABOVW,따뜻한 차 한 잔이 생각나,<function_MR>()
0ABOVW,요즘 운동을 열심히 하고 있는데 몸이 조금 가벼워진 것 같아,<function_MR>()
0ABOVW,저녁에 뭐 먹을지 고민 중이야 뭐가 좋을까,<function_MR>()
0ABOVW,이번에 산 책이 너무 재밌어서 시간 가는 줄 모르겠어,<function_MR>()
0ABOVW,이번 주말에 시간 있어,<function_MR>()
0ABOVW,오늘 진짜 쳐진다,<function_MR>()
0ABOVW,오늘은 오랜만에 친구들과 저녁을 먹으러 가기로 했어,<function_MR>()
0ABOVW,최근에 산 것 중에서 가장 만족스러운 기기가 뭐야,<function_MR>()
0ABOVW,어제 뉴스 봤어,<function_MR>()
0ABOVW,이 식당 가볼래,<function_MR>()
0ABOVW,이번 주말에는 친구들이랑 캠핑 가기로 했어 정말 기대 돼,<function_MR>()
0ABOVW,취미로 그림을 그려요,<function_MR>()
0ABOVW,이번에 새로 시작한 운동이 생각보다 힘들더라,<function_MR>()
0ABOVW,다음 달에 친구들이랑 제주도로 여행 가기로 했어,<function_MR>()
0ABOVW,이번 주말에 자전거 타러 갈래,<function_MR>()
0ABOVW,이번 세일 때 뭐 샀어,<function_MR>()
0ABOVW,알려줘 이거 정말 괜찮다,<function_MR>()
0ABOVW,오늘 뭐 먹을까,<function_MR>()
0ABOVW,다음 주말에는 친구들이랑 시간을 보내기로 했어,<function_MR>()
0ABOVW,내일은 친구랑 같이 카페에 가서 시간을 보낼 예정이야,<function_MR>()
0ABOVW,이 노래 분위기 진짜 좋다,<function_MR>()
0ABOVW,티비에서 무슨 영화 하는지 봤어,<function_MR>()
0ABOVW,나서 겨울 여행지 추천해줘,<function_MR>()
0ABOVW,이번 주말에는 오랜만에 친구들과 만나서 저녁을 먹기로 했어,<function_MR>()
0ABOVW,이 식당 어때,<function_MR>()
0ABOVW,이 책 재미있어,<function_MR>()
0ABOVW,주말에 잠깐 여행 다녀올래,<function_MR>()
0ABOVW,이 영화 봤어,<function_MR>()
0ABOVW,내일은 친구들이랑 만날 예정인데 뭐 하고 놀지 고민 중이야,<function_MR>()
0ABOVW,아침 먹었어,<function_MR>()
0ABOVW,나서 이 영화 추천할 만해,<function_MR>()
0ABOVW,나중에 유럽여행 가고 싶어,<function_MR>()
0ABOVW,이번 주말에는 책을 읽으면서 여유롭게 시간을 보내고 싶어,<function_MR>()
0ABOVW,저녁에 뭐 먹을지 벌써 결정했어,<function_MR>()
0ABOVW,책을 다 읽고 나니까 다른 책도 읽고 싶어졌어,<function_MR>()
0ABOVW,오늘 일찍 자야겠어,<function_MR>()
0ABOVW,오늘은 그냥 집에서 푹 쉬면서 책이나 읽을까 생각 중이야,<function_MR>()
0ABOVW,오늘은 좀 일찍 잠자리에 들어야겠어 내일 할 일이 많거든,<function_MR>()
0ABOVW,연동 옵션을 활성화해주실래요 오늘은 하루가 정말 빨리 지나갔어 뭘 했는지 모르겠어,<function_MR>()
0ABOVW,빵을 구울 때 기분이 좋아져,<function_MR>()
0ABOVW,내일 아침에 일찍 일어나서 산책을 하고 싶다,<function_MR>()
0ABOVW,내일 뭐할 계획이야,<function_MR>()
0ABOVW,가장 자주 듣는 음악이 뭐야,<function_MR>()
0ABOVW,운동 후에는 스트레칭 꼭 해야 돼,<function_MR>()
0ABOVW,요즘 들어 운동을 자주 하니까 몸이 조금 가벼워진 것 같아,<function_MR>()
0ABOVW,저녁에 뭐 먹을지 고민 돼,<function_MR>()
0ABOVW,실내에서 할 수 있는 활동 추천해줄래,<function_MR>()
0ABOVW,저녁으로 뭘 먹을지 아직도 고민 중이야 빨리 결정해야겠어,<function_MR>()
0ABOVW,고양이를 키우고 있어요,<function_MR>()
0ABOVW,어제 일찍 잤어,<function_MR>()
0ABOVW,다음 주에는 새로운 도전도 해보고 싶어 뭐가 좋을까,<function_MR>()
0ABOVW,이번 주말에는 집에서 쉬면서 책을 읽을까 생각 중이야,<function_MR>()
0ABOVW,가장 좋아하는 국내 여행지가 어디야,<function_MR>()
0ABOVW,오늘 점심에 뭐 먹지 고민 중이야 뭘 먹을까,<function_MR>()
0ABOVW,나서 내일은 조금 일찍 일어나서 책도 좀 읽고 운동도 해야지,<function_MR>()
0ABOVW,쇼핑몰에서 뭐 샀어,<function_MR>()
0ABOVW,다음 달에 있을 중요한 회의가 걱정 돼,<function_MR>()
0ABOVW,새로 시작한 취미가 너무 재미있어서 시간 가는 줄 몰라,<function_MR>()
0ABOVW,이번 주말에는 뭘 할지 아직 못 정했는데 그냥 영화나 볼까 생각 중이야,<function_MR>()
0ABOVW,요즘 시간이 너무 빨리 가는 것 같아,<function_MR>()
0ABOVW,오랜만에 집에 혼자 있으니까 뭘 해야 할지 모르겠어,<function_MR>()
0ABOVW,이번 주말에는 오랜만에 친구들과 만나서,<function_MR>()
0ABOVW,어디서 커피 마시는 걸 좋아해,<function_MR>()
0ABOVW,저녁에 뭐 해먹을지 고민 중이야 뭘 해먹을까,<function_MR>()
0ABOVW,저녁은 뭘 먹어야 할지 고민이네 배는 고픈데 딱히 땡기는 게 없어,<function_MR>()
0ABOVW,이 노래 들어봤어,<function_MR>()
0ABOVW,이 영화 언제 개봉해,<function_MR>()
0ABOVW,이번 주에 새 영화 개봉해,<function_MR>()
0ABOVW,다음 주에 중요한 시험이 있어서 공부에 집중해야겠어,<function_MR>()
0ABOVW,영화 보러 갈까,<function_MR>()
0ABOVW,이번 주에는 건강을 위해서 식단 관리를 시작하려고 해,<function_MR>()
0ABOVW,이번 주에는 조금 더 계획적으로 시간을 보내려고 해,<function_MR>()
0ABOVW,이번에 새로 나온 스마트워치가 정말 멋지던데 살까 말까 고민 중이야,<function_MR>()
0ABOVW,오늘 뭐 먹을 거야,<function_MR>()
0ABOVW,다음 주말에는 친구들과 함께 시간을 보내려고 해,<function_MR>()
0ABOVW,이번 주말에는 그냥 집에서 쉬면서 책이나 읽으려고 해,<function_MR>()
0ABOVW,다음 주에 있을 발표 준비를 해야 하는데 조금 떨려,<function_MR>()
0ABOVW,새로 산 자켓이 너무 마음에 들어서 매일 입고 다니고 있어,<function_MR>()
0ABOVW,요즘 어떤 운동 하고 있어,<function_MR>()
0ABOVW,이번 주에는 할 일이 많아서 시간을 잘 관리해야겠어,<function_MR>()
0ABOVW,저는 여행을 정말 좋아해요,<function_MR>()
0ABOVW,저는 사진 찍는 걸 좋아해요,<function_MR>()
0ABOVW,오늘 하루도 무사히 지나갔어,<function_MR>()
0ABOVW,내일은 친구랑 만나서 저녁을 먹기로 했어 기대 돼,<function_MR>()
0ABOVW,저녁 메뉴 추천 해줘,<function_MR>()
0ABOVW,주말에는 친구들이랑 영화 한 편 볼까,<function_MR>()
0ABOVW,오늘 할 일 끝났어,<function_MR>()
0ABOVW,영화 보러 갈래,<function_MR>()
0ABOVW,운전 배운 지 얼마 안 됐어,<function_MR>()
0ABOVW,내일 아침에 뭘 먹을까 고민 중이야 뭐가 좋을까,<function_MR>()
0ABOVW,다음 주에 시간 괜찮아,<function_MR>()
0ABOVW,내일은 아침 일찍 일어나서 공부를 시작하려고 해,<function_MR>()
0ABOVW,핸드폰 자주 바꾸는 편이야, 아니면 오래 쓰는 편이야,<function_MR>()
0ABOVW,뭐 좀 도와줄까,<function_MR>()
0ABOVW,내일은 좀 더 부지런히 일해야겠어,<function_MR>()
0ABOVW,다음 달에 있을 중요한 발표 준비가 걱정 돼,<function_MR>()
0ABOVW,이번 주에는 조금 더,<function_MR>()
0ABOVW,내일은 꼭 일찍 일어나서 운동을 해야지,<function_MR>()
0ABOVW,취미로 배워볼 만한 거 추천해줄래,<function_MR>()
0ABOVW,시간이 너무 늦었는데 아직도 할 일이 남아있어,<function_MR>()
0ABOVW,오늘 저녁 뭐 먹을까,<function_MR>()
0ABOVW,오늘 하루는 정말 바쁘게 보냈는데 아직도 해야 할 일이 많아,<function_MR>()
0ABOVW,핫 커피랑 콜드브루 중에 뭐가 더 좋아,<function_MR>()
0ABOVW,커피를 너무 많이 마신 것 같아 밤에 잠이 올지 모르겠어,<function_MR>()
0ABOVW,새로 산 신발이 마음에 안 들어,<function_MR>()
0ABOVW,새로 나온 노래가 인기가 많아서 들어볼까,<function_MR>()
0ABOVW,이번 주말에 계획이 없어서 뭐 할지 고민 중이야,<function_MR>()
0ABOVW,새로 산 가방이 너무 마음에 들어서 매일 들고 다니고 있어,<function_MR>()
0ABOVW,이 영화 재밌었어,<function_MR>()
0ABOVW,내일은 아침 일찍 일어나서 산책을 해야겠어,<function_MR>()
0ABOVW,등산 갈 때 같이 갈래,<function_MR>()
0ABOVW,이번 주에는 계획한 일을 모두 마무리할 수 있으면 좋겠어,<function_MR>()
0ABOVW,커피를 끊으려고 하는데 자꾸 생각나서 힘들어,<function_MR>()
0ABOVW,넌 어떤 음악 좋아해,<function_MR>()
0ABOVW,좋아하는 커피 브랜드가 뭐야,<function_MR>()
0ABOVW,가장 좋아하는 과일이 뭐야,<function_MR>()
0ABOVW,다음 주말에는 가족들과 함께 시간을 보내기로 했어,<function_MR>()
0ABOVW,요즘 스트레스를 많이 받아서 운동을 시작했어,<function_MR>()
0ABOVW,요즘 스트레스를 많이 받아,<function_MR>()
0ABOVW,저녁에 무슨 드라마 볼까요,<function_MR>()
0ABOVW,새로 나온 노래가 인기가 많던데 한번 들어봐야겠어,<function_MR>()
0ABOVW,내일은 친구랑 카페에서 시간을 보낼 예정이야,<function_MR>()
0ABOVW,다음 주 시험 준비 어떻게 하고 있어,<function_MR>()
0ABOVW,기타 배우는 거 어때,<function_MR>()
0ABOVW,내일 아침에 일찍 일어나서 운동을 해볼까 생각 중이야,<function_MR>()
0ABOVW,다음 주말에는 친구들과 함께 시간을 보내기로 했어,<function_MR>()
0ABOVW,이번 주말에는 그냥 집에서 영화나 볼까 생각 중이야,<function_MR>()
0ABOVW,이번 주말에는 친구들과 함께 시간을 보내기로 했어,<function_MR>()
0ABOVW,새로 나온 드라마가 재미있다고 해서 한번 봐야겠어,<function_MR>()
0ABOVW,다음 주에는 더 열심히 일을 해야겠어,<function_MR>()
0ABOVW,이번 주에는 할 일이 많아서 조금 더 부지런히 살아야겠어,<function_MR>()
0ABOVW,이 가수 노래 엄청 좋더라,<function_MR>()
0ABOVW,오늘 저녁은 샐러드로 가볍게 먹을까,<function_MR>()
0ABOVW,커피 마시러 가자,<function_MR>()
0ABOVW,이번 주말에 쇼핑 갈래,<function_MR>()
0ABOVW,오늘은 푹 쉬는 날로 정했어 아무것도 안 하고 싶어,<function_MR>()
0ABOVW,새로운 책을 샀는데 너무 기대 돼,<function_MR>()
0ABOVW,내일 친구랑 점심 먹기로 약속했어,<function_MR>()
0ABOVW,새 시즌 언제 나오는지 알아,<function_MR>()
0ABOVW,오랜만에 달리기라도 좀 해볼까 싶어,<function_MR>()
0ABOVW,이번 주말에는 집에서 책이나 읽으면서 시간을 보내려고 해,<function_MR>()
0ABOVW,오늘 하루가 너무 길어서 집에 가서 쉬고 싶어,<function_MR>()
0ABOVW,내일 아침에 일찍 일어날 수 있을지 모르겠네,<function_MR>()
0ABOVW,주말에 새로운 카페에 가보려고 하는데 맛있을까 궁금해,<function_MR>()
0ABOVW,저녁으로 뭘 먹을지 아직도 고민 중이야 뭘 먹을까,<function_MR>()
0ABOVW,새로 시작한 프로젝트가 기대돼서 열심히 준비 중이야,<function_MR>()
0ABOVW,전자기기 관심 많아, 아니면 그냥 필요한 것만 써,<function_MR>()
0ABOVW,다음 달에 해외여행 계획이 있어서 준비를 하고 있어,<function_MR>()
0ABOVW,자주 가는 맛집 추천해 줄래,<function_MR>()
0ABOVW,주말에는 특별한 계획이 없어서 그냥 집에 있으려고 해,<function_MR>()
0ABOVW,요즘 들어서 건강식에 관심이 많아졌어 뭐가 좋을까,<function_MR>()
0ABOVW,오늘 저녁은 뭘 먹을지 고민이야 배는 고픈데 딱히 땡기는 게 없어,<function_MR>()
0ABOVW,새로 배운 게 뭐야,<function_MR>()
0ABOVW,오늘 저녁으로 뭘 먹을지 아직도 고민 중이야,<function_MR>()
0ABOVW,최근에 본 영화 중에 가장 좋았던 거 뭐야,<function_MR>()
0ABOVW,운전할 때 가장 듣기 좋은 음악 뭐야,<function_MR>()
0ABOVW,내일은 친구들이랑 카페에서 만나서 시간을 보낼 거야,<function_MR>()
0ABOVW,산책은 늘 상쾌해,<function_MR>()
0ABOVW,다음 주에 있을 회의 준비를 미리 좀 해놔야겠어,<function_MR>()
0ABOVW,요즘 기온이 많이 떨어졌으니 따뜻한 옷을 챙겨 입어야겠어,<function_MR>()
0ABOVW,다음 주말에는 친구들과 여행을 가기로 했어,<function_MR>()
0ABOVW,내일은 조금 더 생산적인 하루를 보내야지,<function_MR>()
0ABOVW,내일 아침에 일찍 일어나서 운동을 해야 하는데 할 수 있을까 모르겠어,<function_MR>()
0ABOVW,오늘 하루는 정말 바쁘게 보냈는데도 해야 할 일이 아직 많아,<function_MR>()
0ABOVW,이번 주말에는 가족들이랑 바베큐 파티 하기로 했어,<function_MR>()
0ABOVW,다음 주말에는 가족들이랑 함께 시간을 보내기로 했어,<function_MR>()
0ABOVW,저녁은 뭘 먹을지 고민 중이야 배는 고픈데 딱히 생각나는 게 없어,<function_MR>()
0ABOVW,나서 요즘 기온이 많이 떨어졌으니 따뜻한 옷을 챙겨 입어야겠어,<function_MR>()
0ABOVW,요즘 무슨 음악 자주 들어,<function_MR>()
0ABOVW,공부할 때 집중하는 팁 있니,<function_MR>()
0ABOVW,피트니스 프로그램 추천해줄래,<function_MR>()
0ABOVW,나서 새로 시작한 취미가 생각보다 재미있어서 시간이 금방 가더라,<function_MR>()